target,donor_1,score_1,donor_2,score_2,donor_3,score_3,donor_4,score_4,donor_5,score_5,donor_6,score_6,donor_7,score_7,donor_8,score_8,donor_9,score_9,donor_10,score_10,donor_11,score_11,donor_12,score_12,donor_13,score_13,donor_14,score_14,donor_15,score_15,donor_16,score_16,donor_17,score_17,donor_18,score_18,donor_19,score_19,donor_20,score_20,donor_21,score_21,donor_22,score_22,donor_23,score_23,donor_24,score_24,donor_25,score_25,donor_26,score_26,donor_27,score_27,donor_28,score_28,donor_29,score_29,donor_30,score_30,donor_31,score_31,donor_32,score_32,donor_33,score_33,donor_34,score_34,donor_35,score_35,donor_36,score_36,donor_37,score_37,donor_38,score_38,donor_39,score_39,donor_40,score_40,donor_41,score_41,donor_42,score_42,donor_43,score_43,donor_44,score_44,donor_45,score_45,donor_46,score_46,donor_47,score_47,donor_48,score_48,donor_49,score_49,donor_50,score_50,donor_51,score_51,donor_52,score_52,donor_53,score_53,donor_54,score_54,donor_55,score_55,donor_56,score_56,donor_57,score_57,donor_58,score_58,donor_59,score_59,donor_60,score_60,donor_61,score_61,donor_62,score_62,donor_63,score_63,donor_64,score_64,donor_65,score_65
1,10,0.15027197965640432,28,0.19703275243471755,25,0.2046642905297839,26,0.22000517342850578,3,0.22803225815100198,32,0.2289410330463162,12,0.22994950055960645,4,0.23393465352990522,11,0.24470839967334923,8,0.24477845182820995,14,0.24487060965030388,30,0.24808707345669295,9,0.25477474624017216,33,0.25778730111333986,41,0.25886149213279463,60,0.2636361983327403,24,0.2655639177849176,22,0.2659418217493907,57,0.26757758081560645,55,0.27126271215076947,47,0.28311506151366606,13,0.28651391132613213,2,0.291090796105529,29,0.29861452384428305,15,0.30137246275624235,23,0.307022714589123,27,0.3151893755912521,35,0.319271347890598,7,0.31968443745391284,48,0.321718682102804,58,0.32338669232644224,37,0.3363281313169987,42,0.34893847328993743,49,0.34895821924169557,43,0.36199705183842423,53,0.3683748434261084,52,0.3801475339880131,56,0.3802132588601303,20,0.384984704797317,40,0.3887687562901408,46,0.3904005834305468,44,0.39223468280449547,6,0.39589404063361744,21,0.407464736473466,18,0.40881234929817084,39,0.41185445515197505,50,0.4185456895041371,36,0.41906477915706297,17,0.4602116292865007,38,0.467995751030924,19,0.4696576594923182,54,0.48894451840231945,62,0.5148484121407362,5,,16,,31,,34,,45,,51,,59,,61,,63,,64,,65,,66,
2,8,0.15623152269123058,5,0.15929564793610435,31,0.17364877868099587,33,0.17755995303377028,12,0.17765429776993175,23,0.18091056918818396,13,0.18295380826868804,6,0.1836324950861813,54,0.19954701994826493,4,0.20002160785941953,24,0.20093916633901948,11,0.20619069349355584,22,0.21456568957790445,9,0.21500470481394798,52,0.21583254350308684,27,0.2160894961432378,16,0.21643104693834525,10,0.21842166348774575,32,0.22060206903912846,29,0.22615252580593367,56,0.22622728584871948,26,0.2307761462925974,60,0.2381433643418056,45,0.24064356228360007,42,0.24137375395132105,14,0.246636506659864,34,0.2527843201238823,53,0.26130049985006365,25,0.261918886314575,55,0.26209523895019793,46,0.263106329993992,48,0.26347187257423144,35,0.2644039335503094,49,0.26525347084817785,58,0.26641042549178773,36,0.2724013202383554,47,0.2733886983539228,44,0.2766287868576043,37,0.2771414639861099,43,0.279227072627287,28,0.279246331337787,30,0.28736787901546357,41,0.2946492572402205,21,0.301271582718622,7,0.30234191986734477,57,0.3029884844423639,40,0.3120434112801744,51,0.32171784270906323,1,0.34301759047109864,3,0.34584897135076714,50,0.34832812712183137,39,0.34948278242697217,19,0.36459326219293314,18,0.3777520772608715,65,0.39020837654347124,17,0.41375251596772483,66,0.4221923339849578,20,0.431450063850769,38,0.4765363180019042,63,0.4771527713264653,59,0.4782317653615718,62,0.4948898179487416,61,0.5191610041176485,64,0.6514634967844497,15,
3,4,0.16950379635758453,32,0.17437527463552654,28,0.19125500920501998,10,0.19759591920045544,25,0.20030241424373324,24,0.20563072497077894,15,0.21638255890553992,20,0.21876434551262372,1,0.22311553172458623,29,0.2247825269382579,14,0.23318577998932505,27,0.24188252896325962,47,0.24405785093943475,5,0.25022029205654517,12,0.25480244766698484,26,0.2554550521934859,23,0.26486007035623466,13,0.26668728952207393,9,0.2675892248444835,16,0.2712555165996473,48,0.2729219309381758,34,0.27510614395832883,31,0.2757575660560453,33,0.2841223416814917,49,0.2845488105809226,2,0.2855218501515505,21,0.28598641356713506,30,0.2893864689663646,18,0.2894433319170756,22,0.29189949986835934,45,0.2933420103327874,55,0.2940426018135156,19,0.2966610966497883,8,0.303694616072243,6,0.30559143864610966,39,0.3070171578553803,35,0.31118137076008145,36,0.31291649264221993,42,0.314060047489655,43,0.3154708344522149,11,0.3203397426674644,38,0.3253187045441358,41,0.33367957572014756,50,0.33759386057645563,46,0.3410496651771326,40,0.34135515897572,51,0.34519787740418584,44,0.3462887850562512,7,0.3525661871923652,17,0.35528552836345895,37,0.3583704910781579,52,0.36302354575123325,56,0.3669567451924631,57,0.3837856438187984,60,0.44585105266459796,58,0.4484302202202981,53,0.4498653216854665,54,0.5293329400112364,66,0.5934507978238304,59,0.6081311126628435,62,0.6307331411625234,65,0.6315594492131889,63,0.713430582981358,61,0.732235614857132,64,
4,6,0.14715505782678823,3,0.14893607342795662,23,0.15303007084927228,27,0.16611099365784518,31,0.16998755431866672,29,0.1712510769755291,13,0.1761612216183856,9,0.17686213221049188,18,0.18222374440825037,53,0.1888197817126518,8,0.1907506195468651,32,0.1913318053223863,24,0.19336681768811684,16,0.19410013266751974,20,0.194419161204119,14,0.19576898434255047,2,0.19754516469557143,33,0.19783165853102808,25,0.19874400859985095,10,0.20143991119428534,26,0.20594769180782896,21,0.20720856552578715,45,0.21151444304999228,30,0.2118562826863209,22,0.21498489335157087,15,0.2157895871246926,11,0.21842388509394425,43,0.21878200420885513,5,0.22567863456044418,28,0.2257636863985839,47,0.23364883582894658,7,0.24027710986849832,39,0.24076717625384808,1,0.24532662895072158,12,0.24571415374775413,48,0.24631921540538265,19,0.2493713297231997,46,0.2535379233221996,52,0.26123240319053237,42,0.26588822615864477,34,0.26868873984930797,17,0.26994645952676893,40,0.27060018702446487,35,0.27525484719760634,50,0.2815399736052674,41,0.2845197144063219,55,0.28691155388112,51,0.30127489176680083,36,0.3140256819310025,49,0.3196435394634197,37,0.3254071195593222,38,0.32840897405923897,56,0.329906790468956,44,0.33818405991035433,60,0.3686337094192309,57,0.38125547775159435,58,0.38199731725288616,54,0.4192125325804149,63,0.5268724829805146,66,0.5436240520448494,62,0.5682462317996342,65,0.5755253815303013,59,0.5814503222367285,61,0.6356502929650121,64,0.6747137892158288
5,12,0.14327923131311898,33,0.15552197537602636,8,0.15892828030804354,31,0.1611720506270013,22,0.16558965738169373,32,0.16640991002506805,2,0.17135227600822794,26,0.1783407208113013,13,0.18038010639576335,34,0.18207594937613641,36,0.1862721912696957,9,0.19259263936489196,23,0.19392267146663317,42,0.19592546297737257,54,0.1993097920185431,16,0.20121705105788204,6,0.20182207689399134,44,0.20901570967144817,43,0.21686295600445002,49,0.21702370550271008,4,0.2183324909900357,60,0.2194891117756045,14,0.22311614468177518,10,0.22534412231755074,48,0.22718369241285585,55,0.22806271016629487,29,0.22811333505793635,35,0.2284234762705125,11,0.23054169868734306,46,0.23266175952947502,24,0.23302722214290802,56,0.23305386269115186,45,0.23468859430896288,57,0.23771793034232774,25,0.24312371742809838,52,0.24684842076615515,30,0.24747352503599043,47,0.24792877347212397,41,0.2512121307333176,37,0.2514812981822546,58,0.2539196157161142,40,0.25558641778388763,28,0.2588183754984673,27,0.264696483867372,51,0.2651948290904389,7,0.29067745238230447,50,0.3038060697300996,1,0.30724955144999905,3,0.31338977618810704,39,0.31405511808418074,21,0.32144477218361855,53,0.3230051552111939,65,0.3377199763133976,18,0.36369567468680086,19,0.3880554082866557,17,0.3994916533604188,66,0.41054765954970085,20,0.4150734344464371,38,0.4215837621952603,59,0.44549894137692564,61,0.45951627059278943,63,0.47857353293448635,62,0.5053942332622678,64,0.5460207962134718,15,
6,8,0.1583183765826509,4,0.16713810152926598,53,0.169984903168512,31,0.17039315193527674,33,0.171751589793844,23,0.1832172242920868,45,0.19076938846488095,12,0.19112941502284309,43,0.20592738082485873,22,0.20818972469046235,5,0.20992667880247667,29,0.21420945857452667,16,0.21944370025975526,35,0.22028276572022082,18,0.22825666053809832,2,0.23086221502877655,42,0.2350039749000948,7,0.23692401773770086,13,0.2389528180039992,48,0.24461814522557815,27,0.24761842972585302,9,0.24770379421325162,36,0.25551554879844063,26,0.2559075985590843,46,0.25597599920365993,39,0.2567421271263626,32,0.2579180260358088,55,0.2657706387038508,47,0.2664926987068603,21,0.2682754076898487,51,0.2688236966405747,44,0.2698712723332885,24,0.2744407869218853,41,0.2764610288620008,58,0.2772770349801131,11,0.2775806145629334,54,0.2804604656442218,34,0.28526260860147834,49,0.28567208829190016,14,0.2861937635090165,50,0.2870456111423654,60,0.2877728105576577,52,0.28904396653477804,37,0.29300845093595995,30,0.2958791066780929,40,0.3039360885649648,56,0.3090280154671336,10,0.31972837864793824,3,0.3197295560326497,25,0.32341650076409695,28,0.32399930616628503,38,0.3318880463424233,57,0.342877766102083,19,0.361520687191232,20,0.36828547778897286,17,0.40161121097857977,65,0.44020538939482884,1,0.46126778331896645,63,0.4742787234620926,66,0.5011244893441048,62,0.5230877421733728,59,0.577045511077234,64,0.6280635575870017,61,0.7366037718694207,15,
7,6,0.2374105574187248,33,0.24437088756448594,4,0.2491404438430284,23,0.2537350383513586,8,0.26525902807325796,31,0.2716343705123292,43,0.27196519554099574,22,0.2719678508252229,53,0.2724174335165218,9,0.2754278254376697,5,0.2776913664020208,29,0.27816994162413433,12,0.28197169222821256,45,0.292705074787063,32,0.29282246672326234,46,0.2966221376879131,18,0.30103419260596703,26,0.3016415970518656,14,0.30219320412690526,39,0.30505062472867917,30,0.3059565603127445,10,0.30912437899512374,48,0.31183061748079266,27,0.3126361360107424,21,0.31388296896204626,34,0.3156978898431058,16,0.3159042795459804,55,0.3169110309827733,51,0.3180030829824991,50,0.3183990445689173,47,0.3210902354912039,13,0.3217105167586185,42,0.32304312701541776,2,0.32337227620603043,24,0.3243334981044778,44,0.3256489273805386,41,0.32568525449119906,28,0.3267332290897961,25,0.3310357306817905,49,0.3318290314484228,36,0.33629780069167686,11,0.33789318916308164,35,0.338229004726562,37,0.3492183598198245,40,0.355272259728696,52,0.35635496382379933,3,0.3705606037265986,1,0.3800187851198179,38,0.3816576905238233,60,0.3819269801135029,54,0.390516876494896,56,0.3964591851276727,20,0.41133292217298123,57,0.4134764091902546,58,0.43251404215923167,19,0.4560508826519546,17,0.4755889140340363,62,0.500261292776727,65,0.5552967338173994,63,0.6035872211030787,66,0.6420186025845842,59,0.6759767141935159,61,0.6967149965448403,64,0.7649134913089259,15,
8,33,0.12453910448602205,12,0.13084635100620398,6,0.1534337121089473,5,0.15474798163233847,9,0.16493604071428902,2,0.16534463682510964,31,0.17350562797190555,22,0.17572908029175263,53,0.1832313629238685,23,0.18382693150719692,13,0.18645035231912904,32,0.1933496898036958,60,0.1945960969933759,28,0.19621424611431007,4,0.1965486365100914,11,0.19816500838293555,35,0.19841810180829264,16,0.20098979163140068,43,0.2011895606750803,24,0.20383765886706753,48,0.20408256489493276,10,0.20642783359229888,37,0.20938308374980313,42,0.21538728621035563,14,0.21707593274821027,52,0.22280505816655083,29,0.2231989315937552,55,0.22338898980808924,45,0.22374115924417354,46,0.22478692129233568,44,0.23078857265744795,26,0.23643789481005673,36,0.23767785921945556,34,0.23902576067392137,47,0.2506661256306186,25,0.2519525646472571,30,0.2520044581959603,27,0.25577337233293135,49,0.25635706605202413,56,0.259470020013668,41,0.2611793552039648,54,0.2646677674751459,7,0.27143484150236824,51,0.27285605217677095,40,0.2732284136757937,58,0.282864913668414,50,0.30950645471006033,57,0.31057232384974565,39,0.31675743393668887,1,0.32153092991837084,18,0.3380514938958601,3,0.34459487598717614,21,0.3506914202744297,63,0.39935082973917824,65,0.4010125141815273,19,0.40562583770690236,17,0.406410622769349,20,0.43552088816945417,66,0.4435062360258407,62,0.44531608066396833,59,0.4476117384795998,38,0.45993496654549604,61,0.4965637148120357,64,0.5506401527783056,15,
9,13,0.153048998232707,29,0.16007578601353656,31,0.16430093658397937,24,0.17213440214560785,27,0.20139637256316584,8,0.20225892706454213,2,0.2045753645237231,33,0.20864562370612555,11,0.2093700121040353,16,0.21164519848134966,4,0.21397818513584527,47,0.21447657425846023,26,0.21640794350303416,53,0.21750614336018534,10,0.21854790157967513,14,0.21952460719010175,30,0.2240895497179441,23,0.2245845605813229,5,0.22568747239949943,25,0.22617264077298554,35,0.22730656073414854,52,0.2289513325259518,41,0.2329956446109219,22,0.23914193902827888,40,0.24293167677531075,42,0.24574089841498195,37,0.24667914082114722,12,0.24753849894101804,32,0.24799939066411553,21,0.2587160074920366,34,0.2597371015223595,36,0.26428721423262547,54,0.267527938041165,48,0.2721504907588422,55,0.27666292901046613,28,0.2802611664218557,44,0.2831740715388764,6,0.28452865736953614,46,0.29144674310627805,51,0.30061617374091487,49,0.30274313389052177,1,0.3036808296358516,56,0.30384031298587855,60,0.3084749890602128,7,0.31088970632139157,20,0.31801302478164545,57,0.3211423841346179,45,0.32131419956284185,43,0.32255754751945653,18,0.32333076683474116,3,0.32515377290894465,39,0.3280309752540824,17,0.3296652596387071,50,0.33867537371763107,58,0.36464226087916873,19,0.38731390242835656,66,0.4468852457824145,59,0.48971348470012205,61,0.5172101647794609,65,0.522925858663252,63,0.5430429209988257,62,0.5768199197133326,64,0.5858119449014578,15,,38,
10,26,0.1545045977815715,1,0.1646520804222661,28,0.18296658797110016,25,0.18359572488501902,8,0.18397376486779185,32,0.18604673522904996,2,0.1875062734817958,11,0.19745137562226525,5,0.2002775386070299,4,0.20522929297561482,47,0.20625995129577568,12,0.2084902957199041,60,0.21701655924309787,33,0.21833187774301838,9,0.21933809759940673,14,0.22011110312915866,22,0.22119598303839352,3,0.22147869557759106,41,0.22286373564317144,31,0.2231440487536732,34,0.22724709618879452,23,0.2383521002456585,30,0.23839856542075383,45,0.23879905359219275,24,0.23913221298858528,35,0.24145532459302163,43,0.24156709739692758,46,0.241947397060785,55,0.2431039204726765,48,0.24750292641556698,53,0.24933416870394037,13,0.25404155916578447,58,0.2541047423262167,52,0.2566308800261747,16,0.25792435763171806,42,0.25998880941364905,49,0.26035572607678176,6,0.26119645824493387,7,0.26425728492440353,44,0.271581859387425,57,0.27432334296299915,36,0.27766055632834663,29,0.28102961562529744,15,0.28228810416350913,27,0.29324619825347514,37,0.296517962440726,54,0.30026476661174295,56,0.3043885360335806,51,0.31256685584676824,21,0.3193472482184655,50,0.3262889539436524,20,0.3356393895043693,40,0.3361552363846007,39,0.3446257231485036,18,0.37452987386286524,19,0.377224250109899,38,0.4138587649607105,66,0.4491809683973676,17,0.4542801205527578,62,0.48429358275068923,63,0.4897645666897765,59,0.5011622996681027,65,0.5255102476169261,64,0.5770010617490579,61,0.6672212264873847
11,8,0.18883078499604486,26,0.19348758015726603,33,0.20388341243757377,23,0.2057560949051723,5,0.20661379877693822,2,0.2101189378039397,10,0.21377832845221373,6,0.21722334996088546,52,0.22083908494982385,22,0.2281826040816973,31,0.23005315007678093,47,0.23206601764836057,4,0.23777401486903246,32,0.23881071371706603,9,0.24487817773341844,45,0.2453472382783432,14,0.2490230437930938,53,0.2520265963588829,16,0.25478523493899685,60,0.2582104044356815,41,0.25852133167972174,46,0.2601397504806942,42,0.26171044088341455,29,0.2639759711217723,35,0.26482469357301597,34,0.2678752065879836,24,0.26867581592790934,27,0.27254673296489523,43,0.2734654603328866,13,0.2752195130207392,30,0.27548950730641947,36,0.2761454529945834,48,0.27635907377051006,55,0.27746048349358443,1,0.278345166741092,44,0.27982014371241226,49,0.2982050286242691,7,0.2990791245984494,37,0.30294620927837757,28,0.30789399556719077,54,0.3171924644602502,25,0.32002772431295246,50,0.3210578921051805,21,0.3288265386709246,12,0.3290670678749703,18,0.330772397973744,58,0.3312514836636894,3,0.365244106394364,56,0.36533496857953807,38,0.37355191505174695,39,0.3774102698712342,40,0.40972141909464,19,0.43137657555512704,66,0.44909247956243864,51,0.458306800597123,17,0.4742037736363634,57,0.4834508854614944,20,0.4895246164154736,64,0.5187052144172323,63,0.5297441558241832,62,0.5471127964419858,61,0.6105459550299915,65,0.8006180134892833,15,,59,
12,33,0.11616288859032105,8,0.12749279882853423,5,0.14545424877960664,22,0.15113972258507086,23,0.17426162456909766,29,0.17528649526470313,32,0.18073742921666863,31,0.1822833350793368,14,0.1825378660444014,6,0.18504024074804404,16,0.1874697543198105,9,0.18761098805535137,2,0.18816444401402777,28,0.19044209000012438,42,0.19106865954466862,26,0.19225615278277755,48,0.19463878046027877,24,0.19483490987265703,34,0.19979579128400626,43,0.20675281314463545,4,0.20697814439528495,44,0.21410640650332358,36,0.21585604181061466,45,0.21940815730974333,49,0.22164633397876657,35,0.2251867073353026,30,0.22845293684559093,37,0.229771262392397,46,0.23079267018908595,10,0.2387036599243401,7,0.25044264970213115,13,0.2543994198375641,53,0.26316024041505315,40,0.26490759805983294,25,0.2655114538204802,50,0.27235233513123036,39,0.272671434182434,41,0.2727852573917104,47,0.27574846774992057,60,0.27582126897973935,52,0.27873513625818,51,0.28605374714893594,18,0.2933858145086728,55,0.2988112762142339,1,0.30029983883089084,21,0.3033587696482795,27,0.3061383238723887,54,0.3129100778170134,58,0.31591277976929033,11,0.33556729122802065,3,0.3412602745137555,56,0.34719865440649844,57,0.3498115862565808,20,0.3647653042350999,17,0.3704797422639208,19,0.3742809022125398,38,0.42776238385796017,65,0.44814290401474643,63,0.48011642721291176,59,0.49457479589533815,62,0.5300368556270498,61,0.5568661414735702,66,0.6213687794978545,64,0.6285341731571004,15,
13,29,0.14669639225680864,24,0.15396277108270612,9,0.15447284761510544,27,0.1572832781197077,31,0.16351898267837522,14,0.16532735968054815,16,0.16725671664898228,23,0.1736990697852652,30,0.17969219977801804,4,0.18944922332101083,11,0.20417677903608583,2,0.20486540678189083,25,0.21089428039517405,47,0.21230396758430925,33,0.21243323961206406,52,0.21485207783405666,6,0.21918001613496094,10,0.22191844333958355,22,0.22440260032436005,8,0.22487743046327316,53,0.23313498868502305,43,0.23879799257685988,5,0.24027703189534688,21,0.24094376279291976,26,0.25443353764068793,35,0.25539065993077925,34,0.2555555081770243,41,0.2573627666759705,42,0.2610192096915419,40,0.26643805640464924,18,0.27046375842539616,37,0.27226642981021865,45,0.28178102732594323,46,0.2957254182854486,55,0.29580808601942055,56,0.29639071447729864,50,0.29751056280007104,48,0.29830404541800054,49,0.3001361008760181,54,0.30432731722134876,1,0.3069525143325599,20,0.31270180865665087,3,0.3184590217141382,36,0.31943006134697943,7,0.3204454933410531,17,0.3218499687498331,51,0.3219017975999481,39,0.34181963737756244,58,0.3458462794155842,28,0.3521275380676105,60,0.352865186327343,19,0.36722545279512386,57,0.3719046047012856,12,0.3739845074352128,66,0.4845174716641522,59,0.5011517523379296,61,0.548942402031277,63,0.5490932853517533,64,0.6034888049269648,62,0.6228100735156069,65,0.8012527635285916,15,,32,,38,,44,
14,16,0.11456053681500744,24,0.11963156642330053,13,0.15450645754608033,25,0.1722148423880903,23,0.17269674926291784,27,0.17393377773337887,30,0.17859132513847684,33,0.18298913309838957,11,0.1885271036671782,10,0.19580639477175463,28,0.20014723886981614,9,0.20388111940747033,4,0.2044514117380872,8,0.21179332213116173,22,0.21304076573811756,26,0.2153327727019268,31,0.22105317141471542,12,0.221295056907733,1,0.23182404174925408,5,0.24010426019324918,47,0.24333946670621903,32,0.2454357813073674,3,0.24732741122398974,48,0.2505784491289888,2,0.25470612360615913,34,0.2589923412370338,21,0.2606432800052389,20,0.262367940082099,18,0.26252653728291764,43,0.2637802470836818,49,0.2637808251695885,6,0.264061511314381,41,0.26635806138266294,42,0.26893789500235976,50,0.27337706145289703,40,0.2766269209847966,35,0.2771980716096424,37,0.2783133561449047,45,0.28181368789189365,39,0.2864815110597452,7,0.28711571506746747,46,0.29368273404603285,44,0.3041988658307983,36,0.3046795724873316,55,0.3081043849999604,15,0.31647457606088275,52,0.31900464501311265,56,0.3195032409017001,53,0.33344629754767013,51,0.33460591141922746,17,0.3463557331567589,38,0.36045405868899294,60,0.3662075138032386,57,0.36930465681337854,54,0.39050140387734567,58,0.39171638966929434,19,0.39262784397401757,59,0.5498081322229551,66,0.5834944522971754,65,0.5925112597535689,63,0.5998216793567379,61,0.6053790169510684,64,0.6281266736617205,62,0.6359298855258316,29,
15,32,0.17740240222221715,3,0.1917341163314264,25,0.20754043224807525,10,0.21774782923979075,24,0.24111627002118058,28,0.24575992977329114,14,0.2653999733617231,1,0.268744321682742,16,0.34342840097265404,41,0.3970688527200815,58,0.6326430721542046,2,,4,,5,,6,,7,,8,,9,,11,,12,,13,,17,,18,,19,,20,,21,,22,,23,,26,,27,,29,,30,,31,,33,,34,,35,,36,,37,,38,,39,,40,,42,,43,,44,,45,,46,,47,,48,,49,,50,,51,,52,,53,,54,,55,,56,,57,,59,,60,,61,,62,,63,,64,,65,,66,
16,14,0.11727437444404316,24,0.12651372507687317,27,0.14314729339996501,23,0.1491108693267337,29,0.15349101281491445,13,0.1572793591206078,31,0.1609610969085981,33,0.18334788825106912,22,0.1844408572472118,30,0.1935992817204904,11,0.19774261546763477,9,0.20099522738484307,26,0.2059889220099959,25,0.2070355857967406,8,0.2076427877752985,18,0.2102198838713047,47,0.21079710830611692,48,0.21263511602511914,21,0.2154063773800688,43,0.21564345089975231,6,0.21604472439658676,35,0.21617552431723328,4,0.21682065000855263,12,0.22507777039356572,40,0.22811599389642528,52,0.23131232679152797,10,0.2319953015375928,45,0.23623908265235433,39,0.23905873133248495,46,0.23937360018998238,49,0.24638246644819556,38,0.24850239630542753,41,0.25082129248297946,42,0.25403227012879526,5,0.2549194802204586,50,0.2552656737308919,53,0.25569707186424206,28,0.26272293649759637,34,0.2636684102525518,2,0.2659685014729601,44,0.2664016739446714,20,0.2671259649905352,37,0.269360804644197,36,0.27280466337383447,51,0.2778663571330552,32,0.2845683501609657,56,0.29252420385459654,1,0.2988182407851004,55,0.29890797436069283,7,0.3024561412182211,17,0.3183009808510708,3,0.32719649990332345,19,0.3579148252463352,57,0.3690713754513678,60,0.3791209595156941,54,0.40244591721666634,58,0.4078500938632896,15,0.41569193498050555,59,0.5371693612298605,63,0.5752387895602379,66,0.5843708511098219,61,0.5878949673241782,64,0.5882274059456983,62,0.6233601845900072,65,0.6536230325148369
17,19,0.20189491747179739,21,0.20347635803172617,18,0.21212636211165706,29,0.23469415530477317,27,0.25415478816224696,20,0.2576815356959322,4,0.2744202788239024,39,0.278727156748651,38,0.2881348438792376,23,0.2967456376861792,24,0.29797645798281885,47,0.30740125186799244,40,0.3192751633732151,16,0.3220980086333995,13,0.3223698824368689,9,0.32538671090991267,31,0.3315737754117832,50,0.34248166243055617,26,0.3448638689890414,22,0.34578489518877964,32,0.3576628155921945,30,0.3584893372399709,49,0.35880427334553067,14,0.36071448306492904,43,0.36125349536269713,48,0.37440764846224905,34,0.3782176611876272,33,0.3824906197317508,3,0.38867454238906535,12,0.3980559627259464,5,0.40341931813778575,42,0.4037160459025258,52,0.4038209916700189,2,0.40809095575160353,25,0.40825187194377976,6,0.4105184548117993,45,0.41088607206810474,41,0.4159469325532091,53,0.42578588122779,51,0.42766936864225047,10,0.4276811304324398,11,0.42883004813527686,8,0.43621393802376646,28,0.4365430638139851,35,0.44743585628011295,46,0.45299543559214606,36,0.4566619106718578,37,0.45681851386693506,44,0.46314174097951605,1,0.47617357245816444,7,0.49945624896493523,55,0.509433148592081,56,0.5444946682105171,54,0.5633208930637205,57,0.5838376699637237,58,0.5927753310289149,60,0.5972495396461226,66,0.6830357135174109,59,0.7358112257570472,61,0.783396406416562,65,0.8154464548026908,62,0.8162948407042345,64,0.830249767046395,63,0.8505874299456231,15,
18,23,0.16058219815665303,39,0.18683483914036328,4,0.18816787376891858,29,0.1900604152158789,38,0.19666727085462238,21,0.1986955346418217,16,0.20747637497318241,50,0.20840985076316548,19,0.21410491289268546,17,0.2165731511404946,27,0.2214147135717183,24,0.22617056672091285,6,0.22699417912344474,22,0.23097633845388787,26,0.23722160029499822,48,0.23725725308934048,45,0.2419906773207702,47,0.24632517406568372,43,0.24960372511366957,49,0.2558720177500039,31,0.2583802882119651,32,0.2643986291853902,14,0.26678098100074576,20,0.26744558524233464,13,0.26746966571934366,53,0.2838741649689126,33,0.2842628522347183,9,0.29584184430657384,7,0.29869833326329254,40,0.30019869551748296,3,0.3095188205017271,34,0.31523452062589763,12,0.31897397933840693,30,0.3327978276815167,42,0.33980665623019335,8,0.3402828464285547,46,0.34624891930611224,5,0.3529738718253064,28,0.359818832082098,11,0.36636898579541766,36,0.36777502397808054,51,0.36955703698903897,41,0.37761418927666124,35,0.38231362242462674,25,0.38890585193044963,52,0.39112083149518545,44,0.3976903769125558,10,0.39798566138849495,37,0.4072628962927748,1,0.43381402799593405,55,0.4620158811231643,60,0.47788243341473,58,0.49255951270227927,57,0.4939046991521236,56,0.5056058989753758,2,0.5328049901077414,54,0.552393394527731,65,0.6534209366811881,63,0.6591124897853584,59,0.7175685234776822,62,0.7226156904224388,61,0.7580495441456745,64,0.7603270297926004,66,0.8968905712315364,15,
19,21,0.17999222389085492,18,0.18976065060618336,17,0.2223555002980641,39,0.23823426051860572,4,0.24252352483209183,27,0.2446748176349575,23,0.2583757028722396,29,0.2614241103924817,38,0.26876073404944245,47,0.2839069019120436,20,0.2843183574136174,50,0.29761186237757165,3,0.31464343901855524,49,0.3166603031597342,22,0.3171077725687482,31,0.3177009358389337,43,0.3237145793055914,26,0.329448193755076,16,0.3328924220360212,6,0.3408138863512216,40,0.3428877872303884,32,0.34369598752049724,48,0.34580104273761847,2,0.35344509355771037,45,0.3571015338678448,24,0.3585289133569984,33,0.3593060189689629,34,0.3593372018365616,42,0.36749542898277315,12,0.3748792760116709,10,0.3766921539391732,5,0.37799040340913154,14,0.380398709458157,13,0.3837744359688342,52,0.3879196290957919,53,0.3885282166544988,9,0.38889679813610156,8,0.392311775302202,25,0.4132733630471332,30,0.41826043085710013,51,0.4231661346370349,28,0.42338195860347794,41,0.4322259339413234,11,0.4326344904272343,7,0.43398314962306017,36,0.4403396112681202,44,0.44264647835323057,35,0.4630825656018149,46,0.4704873074088116,1,0.4869789152325727,37,0.498292538163793,55,0.5026315882724346,58,0.5313292429577454,56,0.5337049852089304,54,0.5462066014581054,60,0.5492515333188233,57,0.5501223801617959,65,0.6605866521067342,63,0.7096033721747698,66,0.7226336743536282,62,0.7487918911624961,59,0.7636345564992373,61,0.7921976414705278,64,0.8183888401625931,15,
20,24,0.19217370118612245,4,0.20045484185891183,3,0.21542231000860065,29,0.21574728617080224,23,0.24122242920031328,21,0.243495082243391,16,0.24413528707698956,17,0.24442254778956496,14,0.2513110494153653,47,0.25437641215296036,27,0.25618479101839087,48,0.2561921114885597,28,0.2610348031634606,40,0.26269552059924683,18,0.26723637464535566,31,0.26731221633059665,38,0.26746824400879937,9,0.26993339716895576,32,0.2699657839514879,13,0.2796972267058342,50,0.2804696698810719,26,0.2862283408341345,39,0.28661164860931077,25,0.28902723104018724,43,0.2895889109433688,10,0.30133479430911414,19,0.30542570407510927,49,0.31120083212515887,22,0.31220379772234264,45,0.32104868771547257,30,0.32105403000456817,34,0.32190037655248505,6,0.34484919119892155,52,0.3505170562778748,53,0.35813900543629734,46,0.35971393220891656,1,0.36075117735056095,42,0.36119835658418104,51,0.3619612426385201,12,0.36579767895486875,33,0.3710321689280108,41,0.3741518187343268,35,0.38701521424364616,7,0.3916088629555512,36,0.40188704188254504,2,0.40303327691103014,5,0.4070590101791581,11,0.41498049528012715,8,0.4189068526191214,44,0.42559522398360794,37,0.45896532846005683,55,0.46398813881245016,56,0.46666052569612104,60,0.5125427646380387,58,0.5288642820860103,57,0.5323729839635096,54,0.5413271031337207,66,0.6798090138790045,59,0.6843401046676973,65,0.7304399778080417,61,0.7483312021444809,62,0.7491517239336796,63,0.7564422515404545,64,0.761771583584427,15,
21,23,0.17272742943789615,18,0.18213619382903093,19,0.1834358892277695,47,0.19109309951402875,49,0.19348140297642563,22,0.19936983455095986,17,0.2069058735958139,16,0.21102986256913478,43,0.21212065843693542,26,0.21511374411289275,4,0.2164312358568902,38,0.21812399175276567,39,0.21868705467421257,32,0.22058535432888388,31,0.2217683896117995,52,0.22862211478354671,27,0.23356506278401143,29,0.23767161587760852,40,0.24033847631518493,6,0.2492913488490917,30,0.2504798035528665,50,0.25327133978173444,48,0.2537595408995516,13,0.25415619882081397,20,0.2562251328069272,9,0.2597979572684236,34,0.26143345250744066,42,0.26508510549555236,53,0.26650764834477314,24,0.2679474396714965,45,0.27003571595923365,33,0.2749836252279809,2,0.2918975422923537,7,0.29345631859235155,12,0.30094769008019745,46,0.30337642420729544,5,0.3137920522212304,14,0.31544698197033577,11,0.3155758199603481,36,0.31587336463156085,10,0.3237171187801833,51,0.32526572781102114,28,0.33431975245075374,8,0.3365320500431367,3,0.34778195362908126,41,0.3504646693435151,25,0.3693021442636798,35,0.37597932693237385,44,0.38557378416465554,55,0.4292409583443142,54,0.4343748332181468,37,0.43486886551499265,56,0.4433691368076106,1,0.4441357459059267,57,0.4789685370709435,60,0.4857828573636683,58,0.5174097660234313,66,0.596671816978487,65,0.6292426730684535,62,0.6715176201281052,63,0.6870756795339508,64,0.7076885562328833,59,0.7243028691547538,61,0.7820618315160957,15,
22,33,0.1340665292839882,34,0.1440879070521867,12,0.14794782449869773,42,0.15134520814188385,31,0.15139325472395043,49,0.15281997403667297,32,0.1532193218621744,48,0.15686389695355202,5,0.1590767887424019,36,0.15909798787407564,44,0.16250802457500474,16,0.16534085691323974,23,0.16764761705265366,8,0.17125244992824137,39,0.1726120704569504,40,0.17354771358602333,29,0.17825279876421735,13,0.18804208219370966,24,0.18826381551200963,47,0.19027889137200604,45,0.19257128819411784,6,0.19994978523044543,9,0.20108121844685262,21,0.20249969492628747,43,0.2030899123286342,27,0.2082654492296657,14,0.21073198358183517,53,0.21266411023624293,37,0.2139881317083346,52,0.2145042417538022,50,0.2148819554003026,4,0.21671541192240057,26,0.21691743846252315,2,0.22022203555245498,11,0.22049669055841142,28,0.22379763353021506,46,0.2248221791822484,35,0.22574925442854607,30,0.22740491711206,18,0.22804939362670235,41,0.22844960842719814,10,0.23229765067175107,25,0.24881805017657427,51,0.2504500495053211,38,0.2790931115228363,7,0.28415548738296664,54,0.290772499923034,20,0.3057476245356276,1,0.31715959919478703,19,0.32419407519445315,55,0.327989546549703,17,0.3358507353432446,60,0.34615655631034764,56,0.3561797091529117,3,0.3706793848657493,58,0.391967975352565,57,0.4244483033738501,65,0.46866650914444064,66,0.5162903057836707,59,0.5505477221461661,62,0.5554667460657736,63,0.5861005697535138,61,0.5864710911230141,64,0.6593934749468688,15,
23,31,0.14558322633262805,16,0.15176368822712266,26,0.1575384447891935,18,0.16025725503159247,29,0.167875698149063,27,0.16790119181896604,4,0.16899746485342834,13,0.1762018580340752,14,0.17841014894222212,6,0.18215689274064137,22,0.1850858315590645,43,0.18515661264926483,12,0.18614406163790467,39,0.18672953448244864,24,0.18947956226784607,8,0.19131736464154864,48,0.19444650364953905,33,0.19532971526158782,45,0.19588527568562109,9,0.20227034113753667,21,0.20731881696695437,11,0.20839346841748477,50,0.2096243632911461,47,0.20994246879692166,52,0.21040432821399796,30,0.21261261351180485,46,0.2128133325137048,32,0.21795724252147758,38,0.22008771627822177,53,0.22020086630990016,49,0.2226986797448871,5,0.22625764305148044,40,0.22888735604166777,41,0.23540297111412994,51,0.23706704545778368,7,0.2527610202826812,2,0.2546797856948639,36,0.25481291189818317,25,0.2565698733620251,10,0.26114232971848617,35,0.2627062043966367,20,0.2735319261210688,56,0.2781108305212838,44,0.28488990933329356,19,0.28993428215103556,55,0.2938989222204081,37,0.2948130519697575,17,0.29540331519915036,3,0.3128092424749258,28,0.31486443187315605,1,0.3370825675697918,34,0.34097349712158054,42,0.34601750300411227,57,0.35120743159294,60,0.37456294555944136,58,0.3864577099918201,59,0.5627862896410731,63,0.6085061261101801,61,0.6167764277711917,64,0.6261205417727405,62,0.6662343556100521,65,0.6693837874929331,15,,54,,66,
24,14,0.11848339971707325,16,0.1219706364465872,13,0.1454917707054499,9,0.16852524999346988,27,0.16897751930711907,23,0.1715849099352877,25,0.18574641232846106,10,0.19647753048883468,31,0.19995115330900934,20,0.20408448012985786,4,0.20761174657147824,2,0.21423772262593435,33,0.214362143935917,11,0.21643211632075338,26,0.21802258284386236,28,0.22018260099419643,30,0.22191206409918127,3,0.22364760896418967,8,0.2239278554320124,22,0.22533426976584833,21,0.23483654743184318,18,0.24268587755272755,47,0.24313608119373553,34,0.25042776608141637,40,0.2537287675093679,48,0.2598322675719583,6,0.2603486889451724,43,0.2654593382604305,35,0.26611735305669193,12,0.266716899182301,41,0.26690928300662886,5,0.2697973931204316,45,0.27692766572015437,1,0.2785062269975225,37,0.2790001949035817,32,0.28201834664514636,46,0.28283812188787344,39,0.28384748535546994,50,0.2842213653320715,15,0.2962122358378464,17,0.29899571604225217,49,0.3012500603196709,52,0.304520649900625,51,0.305022443289159,42,0.3055613112416026,55,0.3064759559778024,53,0.31196723581650676,7,0.31579685930086043,44,0.32467434300671894,36,0.325102862183254,56,0.35353986705009444,19,0.35635976475445036,54,0.4245135331029567,60,0.4337673384283029,58,0.45874199035870344,57,0.4589290774036245,59,0.5535324434504927,66,0.566199548901555,65,0.6000100118549323,63,0.6090336466235982,61,0.6231459698090459,62,0.6734851826847301,64,0.6937098693538102,29,,38,
25,10,0.1530211717176198,14,0.16382059880704353,13,0.18186839181182263,30,0.19097287597782717,24,0.1929754722555453,9,0.19406875356090392,16,0.19643027479933545,27,0.1972447963396507,4,0.20686524368772755,3,0.2080739901769884,1,0.2099077283837656,23,0.2257427933611451,26,0.22700923965464298,31,0.227126215607751,47,0.23053826340111047,28,0.23518515607236856,41,0.2359925007549637,15,0.24087982840140643,8,0.24297145335849227,32,0.24688054793320263,33,0.2539185328243476,11,0.2543130456103613,55,0.25493711685650294,2,0.2559271294586522,56,0.2691300845071912,22,0.2696086192498219,43,0.2701136689943441,35,0.27233759766188026,40,0.2763167552277722,46,0.2777097541643295,48,0.28253039297092253,37,0.28514712017415755,45,0.28579864754096923,5,0.2908243956236441,60,0.29096608977049937,7,0.2933056648738336,20,0.2944999388801653,50,0.30153515042410756,6,0.30769380863727874,51,0.30910815627246824,49,0.3127722159542447,58,0.3149845689723612,34,0.3210026560414452,52,0.32772118697868613,44,0.32795789902882777,42,0.33161364565607826,53,0.3328374267946156,57,0.34353931578102637,12,0.34381337599844825,21,0.34852780068939715,39,0.35251384831204735,18,0.36546217806353826,17,0.3965892803489082,36,0.40071262859822,19,0.40622705919810576,54,0.44147627301327025,59,0.4415722620757883,38,0.4538476811992391,66,0.532888590786248,62,0.5495918275679423,61,0.620621607584392,63,0.6244049705034371,64,0.6676841480492731,65,0.75633025921786,29,
26,10,0.17507696086136654,12,0.18646677530701616,33,0.18845624450987788,47,0.19532465585881997,5,0.20194870253660735,22,0.20671320798195478,52,0.20708287623251992,8,0.20783966767382428,43,0.20824114178694914,11,0.21217899268279922,53,0.2158904447264037,24,0.21715851410273776,2,0.21910239287860883,21,0.2200929706368761,32,0.22536771774202405,6,0.22610034544672475,41,0.22647814888371723,39,0.23343580485546692,31,0.23425493112579518,46,0.2342621339566397,48,0.23505880116157601,34,0.23628278867784386,23,0.23693742047456762,45,0.23884019226099742,4,0.24413856009684287,35,0.2447754138933962,9,0.2467426076345493,1,0.254784645166084,28,0.2605652987535064,42,0.2618534007952137,49,0.2619431367214523,18,0.2667104959994554,16,0.2685471568055966,38,0.2720829223291271,51,0.2748639708838209,55,0.275342630284401,14,0.27561450353918626,37,0.2761838536559554,44,0.2820387759293673,7,0.28482163446882997,36,0.28586077153325856,27,0.2986067452517113,30,0.30602825298893194,3,0.3101539628471659,25,0.31958102234545377,57,0.3280729613721959,50,0.3297355976950002,19,0.335709108280638,40,0.3493055970211082,13,0.3561390148821001,17,0.37087963404128066,54,0.37524377824202493,60,0.37625354998367766,20,0.4279778301826022,58,0.4660894241293153,65,0.5325094443839566,63,0.5547135864678866,62,0.5837797225665108,64,0.5959555476125624,56,0.6153679587253567,59,0.6210472905856143,66,0.6596655784315033,61,0.8180516078729416,15,,29,
27,16,0.14912823211993492,13,0.15364757739134102,23,0.16123587953699134,29,0.17067430534860595,31,0.17447548913433047,14,0.1769787774989572,24,0.17869745727597802,4,0.18216565088754091,9,0.18905412115198733,26,0.19506508468762998,18,0.20386846661865438,30,0.20765519140161565,25,0.20886109323748753,47,0.21423699811655633,33,0.2281550702170725,21,0.23049033558837598,11,0.23335012508780487,22,0.23723869977027037,52,0.2424273983352323,6,0.2426116920643016,40,0.24377877261047098,45,0.24632014458633095,2,0.24871794273426798,17,0.24956030531006182,50,0.2518815040915783,48,0.26269719364220323,10,0.26508530427928934,8,0.26551924472954747,19,0.26644261121517426,43,0.2721720079132498,46,0.27751209696329077,32,0.2813937268094371,20,0.28259688335902744,38,0.28538556740815507,41,0.2881088515958956,39,0.2912916869219515,53,0.2925927296336185,3,0.3002507401925791,7,0.3004599927829059,42,0.30772824406581656,1,0.3120237786671244,35,0.3126862579453419,49,0.31478422307706255,51,0.3213039347361336,56,0.3229003842099501,55,0.3440837327222963,28,0.35049884674180243,34,0.36403972275987695,5,0.3810461039521809,37,0.38157285239679894,44,0.398186497381836,58,0.4563829448085358,12,0.484354665921445,57,0.48574236017185257,54,0.4908708201069455,60,0.5152536386068205,59,0.5296869938381878,61,0.5946013684918229,66,0.6164474207594679,63,0.6358849566931063,64,0.6375604203979232,62,0.6509762970653806,15,,36,,65,
28,12,0.16098509379299464,29,0.16807654094350327,8,0.16880688870956168,24,0.17435055027414123,32,0.18892016472507375,14,0.19056814562969748,4,0.19133607140560444,10,0.19198741834335184,33,0.1988275834107042,22,0.20054578064462075,25,0.20366402865142944,48,0.21199397294252337,3,0.2163722091997668,34,0.2164575779010957,9,0.21774364247780068,5,0.2201055711608156,16,0.22840601864171126,13,0.24158728232737353,42,0.24400278788687815,2,0.25470013822377585,47,0.2556810647265631,20,0.25584560059252354,1,0.2573265172395342,23,0.26667690692915447,49,0.2737208536655653,26,0.27423751749433556,27,0.27482937403914376,15,0.276291150317992,11,0.281771719343259,30,0.2882103304440392,45,0.2884232024453213,43,0.2936928922518911,41,0.29505192489481324,60,0.2954315077914842,6,0.2985105897067862,7,0.3050910242947092,50,0.30941863806130654,36,0.31477292530095047,40,0.31715401377283287,18,0.31965728470892935,21,0.32094109952967437,31,0.3224518500224111,39,0.3251226052102764,55,0.32878943804035615,46,0.34832100849847314,58,0.34957197737256,53,0.37491741293442005,51,0.375725826233351,52,0.3908193054092682,17,0.3984614988808502,19,0.41269111520225377,56,0.41465076904508125,54,0.42638716786238684,38,0.45712156302852297,57,0.4765107922734445,62,0.5347713049633276,59,0.5760585799217544,65,0.5857110459929041,63,0.6040943373838693,66,0.61125687346197,61,0.675980784190915,64,0.7680334616576714,35,,37,,44,
29,13,0.14521864091322395,16,0.15571342535491736,9,0.15769101947051153,27,0.16203291949988546,31,0.1632837110696454,23,0.17026491683851278,4,0.184045007379333,18,0.19045465257924668,33,0.19392541752920284,47,0.20089107440921056,21,0.2058496433695888,52,0.2098092089203651,28,0.21384822572199053,6,0.22081305017102112,2,0.22227956028191764,17,0.23230738200688336,11,0.23335011576907877,30,0.2338748766335433,45,0.2340793543827023,12,0.24042671618099418,10,0.2440835597532236,8,0.24754616308971533,5,0.24810803897864533,20,0.2490249014374193,50,0.2534491164915782,32,0.25662531298937596,39,0.2581891152780603,43,0.2601829855338377,19,0.26159592855321717,48,0.2617450194571273,53,0.2630660376049211,49,0.26492906055355625,7,0.2680250356793138,51,0.2710725618400596,36,0.2723613376607464,41,0.27410743974294,3,0.2779478018973528,46,0.2785021733878486,35,0.27898049100722255,1,0.29836664201234636,44,0.3009724990540993,37,0.31466655731357124,55,0.37010005637714916,56,0.3875620223709711,54,0.3972600650334802,60,0.41704454131049856,57,0.4242406726414124,58,0.4604560643858173,59,0.5599266380128639,61,0.574417354992281,63,0.5844548342032045,64,0.6121056384489767,62,0.6592249745637665,14,,15,,22,,24,,25,,26,,34,,38,,40,,42,,65,,66,
30,14,0.17798685484251348,13,0.17881315649181156,33,0.18809686578735224,16,0.19173197137489054,25,0.199046599325411,23,0.2027217260450526,9,0.20327124504145494,31,0.20446755424769397,11,0.20451530159174486,27,0.2078893940368199,32,0.2254047396323172,4,0.2282541560589486,26,0.2323630090036708,10,0.23299266683104242,29,0.23987581977611083,24,0.24182825443479147,8,0.24386607949059363,47,0.24496565735907808,21,0.2485435305835939,40,0.2541508659903965,41,0.2570688640956457,49,0.26072637702241835,1,0.2609689832328148,43,0.2641569254669681,22,0.26885555175194764,5,0.2740273701318271,52,0.274163895773954,46,0.2753353342658635,39,0.2800631491945439,55,0.2807512530907106,35,0.2866219732005787,7,0.2906899069791999,6,0.2907237858421517,44,0.2910148627070437,34,0.29624910130276144,42,0.2963818741963744,53,0.29693143613624173,50,0.2989328749422067,56,0.303503281980889,2,0.30469108784407106,45,0.3137757543050097,37,0.31446273222854565,18,0.3169575557417194,48,0.31997123908708935,28,0.3248737713015286,20,0.32998322204906605,12,0.3351486629982433,51,0.3365452022359678,3,0.337008271187088,38,0.3456045798309212,17,0.3559150557870182,57,0.3663000257874667,60,0.36811759699844326,54,0.39105554837023243,19,0.4227880828426662,58,0.4316294371779142,36,0.43674002218717023,66,0.5502254836844248,59,0.576335747749207,63,0.5983754823895373,64,0.6032150874774944,61,0.6101009897616568,62,0.6323830349503825,15,,65,
31,23,0.1440918981473635,9,0.15158123223980485,26,0.15721876069142823,29,0.15946294673433287,16,0.1602803989105842,33,0.16103375206164666,6,0.1655810046787379,13,0.165688826413184,22,0.16856179803814347,27,0.17176397351366296,8,0.1773704052935962,47,0.1779270646617327,2,0.18049941985828782,52,0.18161345272289467,43,0.1871912962758219,4,0.1903929320207882,40,0.19169660774420832,45,0.19497355098961183,11,0.19541543150378454,5,0.1954790414239158,41,0.19610526011460594,56,0.19784767244257864,37,0.2053349961697894,24,0.20566850246199037,49,0.20758302593652195,30,0.20791092174500642,35,0.2085354254602124,34,0.20966946975474193,32,0.21006802033424693,12,0.21085336487177977,39,0.21247551419499794,53,0.2162880945614702,42,0.21642263305216183,48,0.21682941531959227,46,0.21853375611737316,44,0.2198378787293173,10,0.22367222420379126,14,0.22523662973354835,21,0.2302218392967777,51,0.2333225508684474,36,0.24013047916486618,50,0.24727470058286719,38,0.2505932342074221,25,0.2546137729344048,55,0.2557488473852398,18,0.25656882218051547,54,0.26270517597397347,7,0.2669017168669201,57,0.30105342145080627,20,0.3019699432199071,58,0.30943468414008257,60,0.3198979099580931,19,0.3274010485158666,17,0.32968669924406085,1,0.33608278919465767,3,0.34099068145508626,28,0.34781302148460763,66,0.4820539480539927,59,0.5027546249232204,61,0.5029326003407314,63,0.5247404097822803,62,0.5295490913043835,64,0.537367831320301,65,0.5466212041196843,15,
32,5,0.15431391258527022,22,0.15527613570418988,31,0.16766758928476633,9,0.17252678807400948,10,0.17445977144328167,12,0.17546971015781004,36,0.17714009773604905,44,0.18379060114128612,49,0.18404747903289173,4,0.18482271830330493,42,0.18550121516828205,40,0.18562115435002496,33,0.18615000315628588,34,0.19356761696719604,28,0.1949364359985782,48,0.19583111813339663,8,0.20047805683908707,30,0.2033333496240673,25,0.20373837677214518,15,0.21250182154094932,2,0.2132916958299656,13,0.21541632102644429,47,0.21616775201506572,46,0.21764869857205352,23,0.21934933880222335,3,0.2227587785418698,29,0.22316526681448257,39,0.22546270620569747,27,0.2274763905877911,21,0.22751692664843942,52,0.2308547187724233,26,0.23088490643729043,11,0.23161022564397632,24,0.23569635173949943,20,0.2358985737958954,45,0.23715362820592806,14,0.23739488691561617,16,0.24248277730450316,50,0.24489262382954263,43,0.2508677767552076,37,0.2516259507587181,35,0.2543470609464428,6,0.26123917157118026,55,0.2765538332280474,1,0.27948085275734164,53,0.2799108000528614,7,0.28541039458731454,18,0.2889875266875256,41,0.2991376649101075,51,0.3011191628968283,54,0.3044047221143502,60,0.33185257028359005,56,0.3323394845347095,19,0.3421007277182763,17,0.34468200217362666,38,0.363699976627102,58,0.3887075455717802,65,0.4828073487718645,66,0.4983328131529955,57,0.5131383181831877,59,0.5519429816986631,61,0.5819547153415002,62,0.5900394317493751,63,0.6309653981972143,64,0.6782001025222681
33,12,0.11474397625235855,8,0.12384166642443309,22,0.13492589398859273,5,0.15314344419860962,31,0.1568462407982271,6,0.1694599835859619,29,0.17212224193832004,42,0.17496713579222092,23,0.17575657089491697,9,0.17582460629865956,53,0.17922182106940301,32,0.17922881513461045,16,0.18011726287147514,43,0.18034687121367718,13,0.1837163074245638,44,0.18375045837871715,2,0.1858571967057493,48,0.18878431084846442,14,0.18995234882368722,37,0.19034658201268848,35,0.19342604255120743,45,0.19399461298757087,24,0.19439996378928268,30,0.1951561473223027,49,0.20241579946181418,36,0.203291972527102,47,0.20678371573400453,34,0.2076669690429886,4,0.20821176116569146,46,0.21391421149173118,26,0.21595673196039983,11,0.22289678852621111,52,0.22332772221418326,28,0.2245820141515213,55,0.2270352012914652,39,0.23024610326042233,41,0.2307812248262946,60,0.23311058591541167,27,0.23331989218366084,51,0.2367037852140778,50,0.24073651774038463,7,0.24137640641446226,10,0.2525849991526296,40,0.25810607107112443,18,0.27459878018800227,25,0.2798288817872908,54,0.2886389242711797,21,0.29099532750208434,56,0.29110151806894746,58,0.30002141668962146,57,0.3236409018378339,3,0.34401185696120073,1,0.3483333032107633,17,0.3600289635435804,19,0.36924834808724283,20,0.3821550358429652,38,0.382240618656206,63,0.44634994962389146,65,0.45209662521414484,59,0.4849289896339237,62,0.4979025257352916,66,0.5076694130144146,61,0.5234734171616837,64,0.6455966134593717,15,
34,42,0.12769108232153537,44,0.13192666067736253,36,0.13335391185197648,22,0.14110567557504555,49,0.14259813733771,40,0.14356079579244746,48,0.1531830607334514,31,0.17358609879392187,43,0.1748166311078453,5,0.1792478205527579,46,0.18245750272278582,33,0.18272129816485155,39,0.18444574640932912,12,0.18933631301345927,32,0.19231678183754602,37,0.20390450868395166,45,0.21034973438351293,51,0.211282800322256,47,0.21164293394571349,35,0.21518316502765594,9,0.21567809045980732,13,0.21719362589373142,30,0.21731153452327678,16,0.22335613147660743,8,0.22444523392209556,50,0.2253592197250791,24,0.2300134748559028,53,0.2306624514121313,41,0.23202758922293354,25,0.23262775544047215,26,0.23329246211513532,28,0.23439045725984214,23,0.23650771181348768,14,0.23831595508423847,10,0.2397293033464638,54,0.24196177804553579,27,0.24827212367417992,2,0.24967111932354502,55,0.2574970969138476,4,0.259777933447163,21,0.2614097345636289,56,0.26350839059845155,11,0.284844097390811,6,0.28590354689001163,60,0.2982691141070432,38,0.3004954427938943,20,0.3124705907093098,1,0.3163986378361991,18,0.31929490224904133,52,0.3198987513614243,7,0.3415716511112427,3,0.347938917850475,17,0.3597329475373436,19,0.3650466833054572,58,0.37286278071060597,57,0.3988618403874671,65,0.42010519388122225,66,0.4692179022482833,59,0.503823525570445,61,0.5384531456694729,63,0.5880268316550584,62,0.6089347354019925,64,0.6198564684174208,15,,29,
35,37,0.14568849249847687,36,0.14763749429866185,44,0.1553395195839546,51,0.15651978886742343,42,0.15919009618254415,41,0.16135872141569627,48,0.16986302656894847,34,0.17301056238797075,22,0.1940082268404046,5,0.1940460491714841,49,0.1966199407685469,55,0.1996252468493473,33,0.1998468101726924,12,0.20092120157095908,46,0.20187942219205093,54,0.20602650791176563,47,0.20647017001839013,8,0.21295396826216076,53,0.220663524370407,45,0.22714785966915535,43,0.2276408156272151,40,0.22812668732334745,9,0.22812733228928145,26,0.23021493361941597,16,0.23102138522699098,32,0.23286633062333967,10,0.23561769156365023,31,0.23673527699984837,52,0.2423579083178106,39,0.24921668553775675,6,0.25185909171129695,2,0.25234703893509397,60,0.2561251388908916,50,0.25744088089419154,28,0.26016074524206295,57,0.2674731599154312,24,0.2679156318225126,13,0.2704468326481516,29,0.2767809772492964,25,0.3000855877426099,11,0.3010629739533806,14,0.30534963229749973,1,0.3093977980702464,27,0.31514246608614876,4,0.3244380998064515,30,0.32507117893259146,56,0.3260351534661362,23,0.32654336111140836,3,0.34662343852860494,38,0.35824379408568097,65,0.36602826591068394,21,0.37269109099395176,7,0.3822906207580137,18,0.4094649529369825,20,0.43801620864473517,19,0.4510650485068869,17,0.46079244090105365,66,0.46235602966616157,59,0.46437983755662327,58,0.47165716797208856,63,0.5008683962860894,61,0.512300163577879,62,0.5418900578129968,64,0.5648174722392016,15,
36,42,0.11777325152269928,34,0.13162948677757366,44,0.1346491785997447,49,0.14109940746863764,48,0.1506785804402023,22,0.15835760514914343,40,0.16867980694587145,37,0.17550856210223947,31,0.17848092326832918,5,0.18184576589815368,33,0.1841967370237116,32,0.18446951057301408,47,0.18962940835759765,43,0.20041690474786383,12,0.20229545538726024,35,0.20245332296309693,8,0.2100954595370983,45,0.21075778260045208,51,0.21514733200708452,46,0.21778921614535332,39,0.2180545767942014,9,0.21814481094341454,50,0.22171855541866575,52,0.2251543504428298,54,0.22777319845113916,16,0.2284812177182483,29,0.2285582656583915,23,0.2301253566749625,41,0.24289705666658512,24,0.24356091251634054,13,0.2499749882622738,2,0.25771067155030514,10,0.2696354569221793,6,0.2703827264315663,55,0.27768893208103035,56,0.28316911809085576,14,0.28364462508097016,11,0.289717796154242,60,0.2937445177993401,25,0.30043484723698355,4,0.3042213278165831,21,0.3098484688773403,53,0.31374846105212156,30,0.31551086068912493,58,0.32022919155349244,28,0.334373105705881,26,0.335639442518036,7,0.3375668924950287,65,0.38195899694239943,20,0.3868915426625275,18,0.3898582154277126,17,0.4171142737969051,38,0.4246843581617882,19,0.44053686683640186,66,0.4451180525411771,3,0.47368008377812254,61,0.5087328587246391,59,0.5110766674992829,1,0.5114841113677381,63,0.5781773987332215,62,0.6086576946522121,64,0.6120227680961967,57,0.6941699627481995,15,,27,
37,35,0.14895813757018506,36,0.15001715404881977,44,0.15187681940262626,34,0.16102223999049997,42,0.164424591592155,51,0.19418887500440124,55,0.1969889745628603,41,0.19735476571098282,33,0.2022004514444765,54,0.2094806434484136,22,0.22042910254599293,31,0.22143724148203597,49,0.2306539213200572,5,0.23160717317042687,52,0.2341977838151846,12,0.23971901237113044,32,0.24166925856853316,9,0.24380315636335587,43,0.2473352876138994,2,0.24882335673429062,48,0.24984814985400217,8,0.25022580856314103,40,0.25811287943136463,47,0.2604607874959973,10,0.26440045202872015,26,0.26476054241858404,58,0.272257483698001,46,0.2729409929827836,45,0.2752157037321707,56,0.27558989977778137,57,0.2812640512925861,24,0.28514534707915307,53,0.2956649984359119,28,0.2989382402294808,11,0.3010584092559919,13,0.3012494632998937,60,0.3036190410028522,16,0.31123981569417863,23,0.31170448728109446,30,0.31417660706975215,65,0.32869127838316575,29,0.3292807680467816,25,0.33176503668623214,14,0.3354083411603935,1,0.3414791885684011,50,0.34837172848207654,39,0.3669207567247642,66,0.38021374850195155,21,0.392673203282259,4,0.3938150421952773,7,0.39517287132289025,3,0.41030440628281123,6,0.4137869290072958,27,0.4161713023645765,38,0.4457458584947158,17,0.4552163833789161,18,0.46106213533527496,19,0.4798371428741636,59,0.489777139731334,20,0.4945558673081183,61,0.5005523261020166,62,0.5312494689447648,63,0.5670169117063838,64,0.5957573488560253,15,
38,39,0.16465246932394054,47,0.19654319585339397,21,0.20190493536757853,18,0.20954529496872118,43,0.2163137685093504,50,0.21828452491613928,49,0.21980838036801606,48,0.22733855457355126,23,0.22827078164138187,22,0.24946715242507586,52,0.2527593689719953,26,0.2529009863450478,45,0.25355286147196676,19,0.2707930477561968,34,0.275630559591019,53,0.2757722677256701,42,0.2820382181934281,51,0.3045833425294997,41,0.304855529872945,46,0.30525775839426716,31,0.30766705580580245,32,0.3235007685514261,6,0.3283977457011164,16,0.3318714947429571,33,0.33705457597824606,4,0.34365208341039477,27,0.34853057217176553,36,0.360104750715799,20,0.36010896201759257,17,0.36604785440834575,7,0.3665552527050226,11,0.36913321641586183,44,0.3841318335136724,3,0.38536411149296057,12,0.40994158191445695,5,0.4120698667206778,10,0.41693446523655825,8,0.4204470530823281,28,0.42162892951988223,35,0.4226386298625653,2,0.4275442915714961,55,0.45657422057809977,37,0.46147293085443275,54,0.4637538364295996,56,0.47596631888748087,1,0.48973626567661155,14,0.500309956262741,57,0.5008165201654815,60,0.505911770819304,58,0.5447462611808824,64,0.6800448865776115,65,0.6911623392440198,62,0.7446888265178211,63,0.7561541261705302,66,0.8089784115706179,9,,13,,15,,24,,25,,29,,30,,40,,59,,61,
39,43,0.14221428520106402,48,0.1507047802979587,45,0.15183376758159844,50,0.15297226854002732,49,0.15940235245962925,22,0.1763178598622805,40,0.17991150481978918,18,0.18719276371271285,23,0.18840655619593305,46,0.19366469670775885,53,0.19574762551101982,38,0.19627843085634933,34,0.21068150917016074,31,0.21202698417138258,42,0.22099688385995603,16,0.22715307787507072,33,0.22770223534578177,51,0.23597156481086828,32,0.24035751084294246,36,0.24080097675044992,4,0.2420336057644242,47,0.24204909837775399,35,0.24419901368902072,6,0.24865255107597975,29,0.24867562373535873,21,0.2572359053832608,24,0.2619199742085698,44,0.2755342352434598,17,0.2776252081913721,26,0.2783322675269483,41,0.27841247043334827,12,0.2798480454490444,30,0.2818929524480359,13,0.2991527285417857,19,0.30168196409835757,9,0.30169540203790307,14,0.3017466499301811,7,0.30246915443336125,27,0.3045506331278799,20,0.30980539179925415,37,0.31410557613964596,8,0.3146959701842694,5,0.3233009692261174,3,0.338469755005037,28,0.3400351635834517,25,0.3578667172525075,55,0.3764884318470484,2,0.4076521542058251,60,0.4164388403666711,56,0.4223403929213106,10,0.42573386125932233,57,0.4448172912801745,1,0.4708895314196596,58,0.4938039173659046,11,0.5012993078538874,54,0.5194056352880075,63,0.664317714710702,59,0.6660553957509638,62,0.6870993042116134,65,0.69370275001097,66,0.706159668917877,61,0.711568195454463,64,0.8386165469635289,15,,52,
40,34,0.14770815912637122,42,0.1531711558950708,49,0.1536845344872182,36,0.15999700378245504,47,0.18152135505202158,44,0.1830026899303714,31,0.185019776145868,48,0.19043182180586604,51,0.19393883780417126,22,0.19567506457033193,32,0.20054875092399,52,0.21741894676496426,39,0.21974317815173633,43,0.22356504975692268,16,0.2238569043609898,50,0.22419036529790937,23,0.22527688241918345,21,0.2262858817414239,35,0.22663470253067772,27,0.2283936874021169,9,0.23579345619239794,45,0.23697246158336238,41,0.2369902327058136,29,0.2457727088357986,5,0.24838299942926087,37,0.2509063284412561,13,0.25164070215435685,24,0.25167949885785784,30,0.25269531516506605,25,0.26533450987873197,46,0.2741829838870438,14,0.27821967042820905,12,0.2815691828457927,33,0.2820036776520745,2,0.2891997238468151,20,0.2893238117179178,10,0.2984415276407607,26,0.2998913778220031,55,0.3035476630182892,4,0.308470773220217,56,0.31333333649219663,8,0.3156667511492647,18,0.3217045540078655,17,0.3231278195198029,19,0.32552234872717645,11,0.3325788946696403,6,0.34154604338760974,28,0.34477750393341994,54,0.3678435767154389,3,0.37314619870745636,7,0.4035968847780353,57,0.41195713183181965,1,0.42017365764178427,58,0.4735109541373478,60,0.4921958240138348,53,0.5036685101759858,65,0.5115908641632145,66,0.5219765927407618,59,0.5677163275713765,61,0.6159957636685122,64,0.7027871424521424,63,0.8282583751311785,15,,38,,62,
41,35,0.14937814921212647,47,0.1643634933988138,51,0.1671374675718748,44,0.17497344284701363,42,0.17927433974134657,43,0.18281835734483246,37,0.18627390391635182,52,0.18639477602082627,46,0.18919508226696916,36,0.18958083698309555,45,0.19159634502914966,34,0.2077233467809836,31,0.21249336821068834,48,0.21255934058848905,26,0.21775017465832422,10,0.21816031124781282,55,0.22003408622278173,33,0.22040947795008248,22,0.22247741736817833,49,0.22432474845053035,53,0.22451760011674882,40,0.2276978563572658,50,0.23049037239206815,23,0.2320264414725753,54,0.2382015828635567,11,0.23876983334634438,9,0.24615274178975088,57,0.24807250569220227,5,0.24996140423843896,12,0.25190486135774603,8,0.253878204055639,6,0.25526965453893347,32,0.2586121687353948,60,0.2657095083911667,1,0.26678968810291925,39,0.2676590004550924,24,0.2698353258682212,13,0.2735706808993843,25,0.2782918554459913,2,0.2788705391680238,28,0.2800454615939919,16,0.2906546364584014,29,0.2930864304278598,38,0.29810226088361935,30,0.2989357281437103,14,0.2992537641897487,4,0.30251593201769716,58,0.30488921902376753,7,0.3124664168159571,27,0.3296970127184532,21,0.3382695124428455,3,0.3402702965330842,56,0.3530371938152553,18,0.37000865034122293,17,0.4044353858664838,19,0.4255478427942213,20,0.42863244288510866,65,0.42920166605929577,66,0.4449056868226625,15,0.48881129856406175,59,0.5311171137915445,64,0.5377746496214998,63,0.5588464046845408,62,0.593013289652765,61,0.6007881626565523
42,36,0.11851301845240676,44,0.12520967897829843,34,0.12584874435287718,49,0.14398347240073878,40,0.14918423030965489,22,0.14997418375884433,48,0.1526284056063504,43,0.16088723232474922,33,0.16323955632304146,12,0.17925363438287373,31,0.18199132172191784,37,0.18213093981169046,47,0.19263677482129243,32,0.19376348914974598,5,0.194356456921423,39,0.19820603477239476,35,0.19931692140026336,8,0.20193668319176764,46,0.20231785048448175,16,0.20652797948308677,52,0.214823432640185,53,0.21598453335674125,9,0.21907422857093226,45,0.22179994174439197,41,0.22772235191019075,13,0.2326950351563471,6,0.23463645294254304,27,0.2358571995385168,54,0.236491444181503,50,0.24034805720675684,2,0.24567360717758802,23,0.24948445895109778,51,0.2504017030941687,14,0.25084423693040564,24,0.25285667700761544,60,0.2537896528400199,30,0.25751527116457507,56,0.2627217560715675,28,0.26516739249979926,21,0.2654228174344596,4,0.27318869102722493,11,0.27339928750364734,10,0.2798701556198699,25,0.28212566811117246,55,0.2927179522336483,26,0.2943575858549462,7,0.3189213692585373,58,0.330977150521802,18,0.34429547423088513,38,0.3456559812943868,20,0.37544013677914834,19,0.3888005697891422,17,0.39296459472082457,65,0.40369230823163926,1,0.41799275831358285,66,0.43060186312540616,3,0.4426357721619941,59,0.4837119128407825,63,0.5196903728747779,61,0.5258768244209868,62,0.5789113209233986,64,0.5986095670158227,57,0.780826759993344,15,,29,
43,39,0.14142896500847527,46,0.1531161474520049,45,0.16186385968933398,48,0.16187548989466138,53,0.16203057249125435,51,0.1646154199191838,40,0.1680751880713271,49,0.17901263916023116,50,0.17943626795981643,33,0.18195755158913998,41,0.1822113477174591,42,0.18232405546294628,23,0.18278892312839357,35,0.18455430637749967,31,0.19272661442142427,22,0.19540830195762987,34,0.19548231519762707,47,0.1957003964025972,8,0.19821943632473185,44,0.1993815894521272,6,0.19965519047180608,26,0.20643442218613034,16,0.21018619427269977,36,0.21819450037153745,38,0.22119841097227283,37,0.2218434602691218,4,0.22454244418300834,12,0.2271734361068935,52,0.2351563978012284,5,0.23815670168691505,13,0.24099026288890874,18,0.2468993913980344,55,0.2536596650502253,30,0.2536720945436962,27,0.2559256225055119,32,0.2571887756081888,7,0.26973080082291073,9,0.2726008825988532,29,0.2736605885040203,14,0.2782050619678624,25,0.2951061705914187,24,0.30126536103285895,21,0.3063709889534031,57,0.30776071600850846,10,0.31279512457911085,11,0.31351386791784785,20,0.3212911246593624,28,0.3252470563358242,60,0.3294078751312578,3,0.3578795968852537,17,0.3658656645143118,54,0.37315032791101144,58,0.37997226811966256,19,0.3827291128365812,1,0.3879765200091234,2,0.4099686841642982,56,0.49538866090759104,65,0.5059201303871466,59,0.5375383523210471,63,0.5392041412658528,62,0.5977077379014515,61,0.6244538111240853,64,0.6415591156979745,15,,66,
44,42,0.126139756545244,34,0.1295279642676124,36,0.13523069674747817,49,0.1510040443493526,48,0.1538708580709845,40,0.16375959832686604,22,0.16417926505438601,37,0.16734555176333682,33,0.1814796896792493,46,0.18237972444633327,31,0.19098685803606727,35,0.19186188118793537,43,0.19284628930439313,32,0.1933979277146389,5,0.20368162951552807,12,0.20860732889495948,52,0.21241823013988786,45,0.2133019363286759,47,0.21457078386423095,54,0.22232051021288254,8,0.22635113841587756,9,0.2356386603510204,55,0.23881026513806036,60,0.23955005827683604,53,0.24817529746517888,16,0.25219120125264793,50,0.2554023172101255,41,0.2584887176321776,2,0.2688715743459839,23,0.27030409802585337,30,0.2736787233556419,6,0.27560403647186577,51,0.27612638656758315,39,0.27904381851713655,10,0.28077272128726966,29,0.2904574783165538,24,0.2964780171209019,25,0.2975189966936624,11,0.3033709460457452,58,0.30354987790927046,14,0.31047878038767945,56,0.320924135684497,4,0.3239446308435456,26,0.32889121646784547,27,0.33004375872663105,7,0.3334525860375567,21,0.3782047745427714,65,0.39193102935055946,66,0.41232820071158044,18,0.4313187863253437,20,0.4324670624987078,38,0.44171380393660664,17,0.4427197351482633,19,0.4449522206157889,59,0.4552615915308791,3,0.47814947911755334,1,0.4800353122042148,61,0.49791455397442724,63,0.49864255115144324,62,0.5500707355252175,64,0.5962285379555152,13,,15,,28,,57,
45,46,0.14316621666179646,50,0.1508564557108781,39,0.15265203821719628,43,0.15650514116407974,47,0.15895792357498667,53,0.16066734540395117,48,0.16827362007874824,51,0.17825668353268367,35,0.18054394027457385,6,0.18558539923901113,22,0.18954402716479604,49,0.1903432687501543,23,0.19740460318924666,33,0.19776757088121072,41,0.19914748061207327,31,0.20294385972251142,34,0.20355855325310412,44,0.20417420605511097,37,0.20467159455902065,29,0.21008292205793605,42,0.21038180914802368,36,0.21709936730170748,8,0.21876620935619978,12,0.2224008604866639,40,0.22365887930216471,16,0.2268713643024026,4,0.2292377512322084,55,0.22982034780493737,52,0.23072715034525454,5,0.23445519942009993,27,0.23943640122863102,18,0.24152807453230668,24,0.24739503960534845,32,0.24789653440965367,26,0.2489441394365232,2,0.25054475956941424,13,0.2590085449555065,10,0.26085279286347274,21,0.27257620197847415,14,0.2748823566863738,11,0.2846565940666431,7,0.2853990096362835,9,0.2915199514411247,38,0.2948273474014044,25,0.3020726940841711,54,0.3133332270911105,28,0.31359370794964525,30,0.31445699809452315,60,0.32653610461672367,3,0.33086361316560525,56,0.34251156025533,20,0.35007592877701643,58,0.3572538899789709,57,0.36510709637693617,19,0.3690374658716411,17,0.3939369164322283,1,0.42847709410476753,66,0.5029328633323447,65,0.5387201320908407,63,0.5567846282717398,59,0.5681161283881673,62,0.6239477177087706,64,0.7002281160712055,61,0.7539601647484246,15,
46,45,0.14503899035649664,35,0.1537796914337039,43,0.15436620335291354,53,0.16277193414634533,47,0.17630816774863114,50,0.18106003258390763,48,0.18121255309849157,34,0.18628151323951583,39,0.18724055969398185,44,0.1891745351537444,51,0.19203397603247618,41,0.1938191465284384,52,0.20697656346958165,31,0.21177267112569248,42,0.2173406199737983,22,0.21747734208639818,33,0.22251670874940327,37,0.2231670013479877,5,0.22491702089169135,8,0.2264221872359206,23,0.22741244405386896,55,0.22746269411387865,40,0.23088028894661358,60,0.23392744705679575,36,0.2370969839122285,32,0.237469705035198,6,0.23916804365139938,16,0.23973148001415318,49,0.2480212252286119,9,0.25049967308714427,12,0.259122258698321,26,0.26200636326536453,27,0.26357369123086233,29,0.2689493891119861,4,0.27567605369065784,2,0.27658582815585975,11,0.2785350510624572,10,0.2845620002874637,7,0.28663674248128873,30,0.2905986975163434,13,0.29068142831575244,25,0.30386352550998713,24,0.3066704984434007,14,0.31895687537077366,54,0.3232696819019295,38,0.3257384692438716,58,0.3349772980971698,21,0.33533266426550334,18,0.3664907842724595,57,0.374666860740993,3,0.3762127544525266,28,0.388268548766158,20,0.3948106060961634,56,0.39536242912820724,1,0.4463328329415127,17,0.4558950950837314,65,0.4853746472372486,19,0.48770736721333946,59,0.5037215308181116,66,0.5520278742498673,63,0.5562233048396797,62,0.5866905032617403,61,0.6017459507423767,64,0.6148573600540875,15,
47,49,0.14931557728192218,43,0.15007108639766673,46,0.15150035852444876,45,0.15262253697415035,52,0.15849780223383828,48,0.15895295238093385,39,0.1620999648553351,42,0.16565091240495333,50,0.16788833004703962,36,0.16803841171716527,53,0.17482919467605812,22,0.1761935673477104,41,0.17633804671185568,26,0.1769932565108274,34,0.17782422093768163,40,0.18442841355835043,38,0.18445119968595516,21,0.19027758788904622,44,0.19048791698811524,33,0.19111817106874981,23,0.19320950654877928,31,0.19362101760967895,51,0.2003315999910266,32,0.20254140904746434,35,0.20861581583884342,10,0.20944064359013564,16,0.2105636566814363,18,0.21096988870266592,27,0.21499220348603781,6,0.21587104868000773,13,0.21891840206411617,29,0.22009934226282893,9,0.2240099231378056,5,0.22529815054943797,11,0.22953823682285757,4,0.23059049877009558,12,0.23600564146133252,8,0.24189474871294525,25,0.24238905383580062,14,0.2444276350898349,30,0.24855284320770732,24,0.24872879677780882,28,0.2548163288602806,37,0.2663275212106189,2,0.26695022071879215,3,0.2699545261944909,55,0.27370937522624883,7,0.28068716708017777,19,0.28736830160027665,20,0.29333906612016736,1,0.30203889488940316,17,0.3236484422300222,54,0.35212272326491184,56,0.35996817144174476,60,0.36180827102532154,57,0.39576099643251084,58,0.41808450339313,66,0.5025630378906366,59,0.5603686191675561,65,0.5901429802256923,63,0.596281095029625,64,0.6051571743209542,62,0.6494014526098949,61,0.6550874153093101,15,
48,49,0.14627449288117822,40,0.14733903140221077,39,0.14830871773428925,44,0.14907591573569895,36,0.15001024763685553,34,0.15030570125268383,22,0.1537953105572893,42,0.15686070227517965,45,0.1706625172650291,50,0.17455423940886788,47,0.17472743806550095,43,0.17491893036495312,35,0.18042477422306716,46,0.18246707174538906,33,0.18572846012200414,53,0.1863132049618657,51,0.18927836740985565,12,0.19113184683056533,23,0.1921708491096386,32,0.1935742594988053,8,0.1970412213263504,16,0.20030903470052883,37,0.20443795613399338,31,0.20462854277898926,41,0.20666824372355824,52,0.20971555617090099,5,0.21739059747108075,24,0.22457332543086822,29,0.22713816764589817,28,0.2273979147537087,38,0.2343320305419519,9,0.23694360970127998,27,0.2382889666073602,18,0.24096680123605724,26,0.24240875889529861,4,0.24359834248942241,6,0.24418880285165173,13,0.2504884669138444,14,0.2537539042586078,10,0.2553692519439839,21,0.2642584109371362,25,0.26884230105174334,20,0.2699529339125598,2,0.2772283024950261,55,0.27754393715887776,11,0.2843509730766523,30,0.29473448441729283,54,0.2986208187423175,56,0.3092313872322262,3,0.3104576419102464,7,0.3151145895639361,60,0.3299899875348899,17,0.34234681195276756,19,0.3500036548173164,1,0.3719520657630123,57,0.3748251565625941,58,0.40454891011930494,65,0.4871873207764069,59,0.5588390508919271,66,0.5716303983435165,63,0.589055266355645,61,0.6080779082643263,62,0.6187561723317925,64,0.6528528257752797,15,
49,40,0.13631860708962232,34,0.14113897973135878,36,0.14413722157174935,42,0.14456150681577698,44,0.14681672996465966,43,0.15099312223249578,47,0.15124787812459356,48,0.15219310132721792,39,0.1539525287787068,22,0.15419681262191226,31,0.17345944093466753,45,0.17893194763076142,50,0.18093998545458914,32,0.18509605155719436,51,0.19139644279373344,23,0.19206288215369047,52,0.19208592662478427,21,0.1950580962487282,38,0.20450223629558134,33,0.2061555380506397,16,0.20645493837318404,5,0.2086317738241708,35,0.21017208121691516,12,0.2149693748626243,46,0.22787110011343858,41,0.2311693129037203,30,0.23413611923704697,29,0.23964152946893624,18,0.24353522519693022,14,0.24356139022777218,27,0.24387773905124938,26,0.2465997934138799,8,0.25284521808510363,13,0.25433875759022306,10,0.2571333525085208,2,0.25969203189230894,25,0.2617679864389618,9,0.2637206816570582,37,0.2653469197078227,4,0.27385904176890635,6,0.27894647651451815,24,0.28217708789705637,28,0.2916040423887206,56,0.297766152802324,55,0.29830477373224823,11,0.2998768161865303,20,0.3016718478689273,54,0.3133852023131966,19,0.3160454420686749,17,0.3361439706131606,7,0.34131574087428795,3,0.34390003797344243,1,0.36533895353158446,57,0.38002905901121703,53,0.395993941968858,58,0.435238886072865,60,0.4488648038935188,65,0.4735264286036844,66,0.5140678729353765,61,0.5782960212127457,59,0.5839487498506593,64,0.6509104791917453,62,0.6737659581670749,63,0.7985245787486692,15,
50,45,0.14523279895719704,39,0.14803354430389146,51,0.16468932511550685,48,0.1661187860912991,47,0.1735737062998013,46,0.17415123170964567,43,0.17672884419872484,49,0.18671134019119864,34,0.1992045438445239,23,0.20062347623345061,18,0.2055458360305976,40,0.20651520105197657,36,0.2148487777807889,41,0.21715181851684223,22,0.22086212832705132,53,0.22143268340580086,42,0.22707449717428663,35,0.23154427077438827,38,0.23203176233796277,44,0.23348124489490146,29,0.23523319951774607,31,0.23791794518278322,21,0.24175646316305502,27,0.24736023363926582,32,0.2497031317081241,52,0.2512601137445338,24,0.2576747487642751,33,0.2601408049962465,14,0.2633586443267269,26,0.2655690840353964,37,0.2685665441943341,13,0.27164815102784046,4,0.2750313610218091,6,0.2762119896277825,25,0.28696441801827105,5,0.28920685468919866,12,0.2898302978278183,30,0.29378228910690096,20,0.2956730036104678,19,0.3068838089812321,8,0.31139576416714765,7,0.315511889744151,9,0.31714413753525966,10,0.32178902495891254,55,0.32698974649441837,11,0.33095655834619775,28,0.3387635860658328,2,0.34069224307804363,17,0.34241026690996657,3,0.3605359952187769,56,0.3876942419771831,54,0.4072493207406088,1,0.412975201709019,60,0.4284747661280253,57,0.4883376298623168,58,0.5108260779204916,65,0.6138168119589529,59,0.6425143164689144,66,0.6504734735401818,61,0.6736882479470878,63,0.7422331349113229,64,0.7846283399350673,62,0.8125182031219023,15,,16,
51,35,0.15635207799891787,36,0.1640068581057037,49,0.16499110518067897,34,0.17022654635649254,42,0.1768220170883778,48,0.1772210621959147,44,0.18176407104924838,41,0.18233533018004286,50,0.1940766364718536,47,0.19638715216805644,37,0.19763796541844653,22,0.21892938968144113,39,0.22126119857298768,40,0.22135061984242427,33,0.22246778290818475,43,0.22336180503859207,52,0.227727676750144,55,0.2290922355907877,53,0.22952988440220437,5,0.23445652293540903,46,0.2414894318125796,45,0.24592614337236585,32,0.24859394588534092,26,0.2520057031503611,31,0.2522749764833933,23,0.2562935707128902,12,0.25631298313142026,8,0.26017060246550766,54,0.2633515615873933,16,0.2682652392923869,27,0.28729579167193897,6,0.29552915758635573,29,0.2976588886824613,56,0.3026219772485484,2,0.3034059995432242,10,0.30670756357321477,24,0.30755275829878026,38,0.3102554508202782,60,0.3110031923034825,57,0.31316259512703093,21,0.3167889393937971,4,0.3172078328603053,30,0.3196442449657532,7,0.3256306788475557,25,0.32734624943059765,14,0.34792398005669967,13,0.3524829329454254,9,0.3581747040828068,18,0.3717014954816213,3,0.3869591249902425,28,0.3871905292226147,20,0.4080425189405446,19,0.42831839124316395,11,0.43815563014139525,17,0.44650052961702213,65,0.45009731860005964,58,0.4669729465054847,66,0.5569383996515433,63,0.6176990631191288,59,0.6198999676971235,61,0.6208498573769966,62,0.6295410951926769,64,0.7070160018434746,1,,15,
52,47,0.16125636265735652,53,0.16508758109147603,43,0.17653832685539772,49,0.1800307252986281,45,0.18795670952498408,42,0.19197471549009362,33,0.1950389640737436,8,0.19752470045832332,26,0.19814432158361953,44,0.19882400247570717,36,0.20002451832944793,2,0.20144412676267015,46,0.20239165845943616,5,0.20241978881359257,48,0.2036882038293188,31,0.20386038966025927,41,0.20441080032196268,6,0.20467315591873292,22,0.2050379338367077,23,0.2094164863240476,55,0.2119088555777347,11,0.21996440522359245,50,0.2278444873904591,21,0.23197167001764063,12,0.23296460139649539,37,0.23603800243258138,32,0.2360879768480589,60,0.23929641357070022,29,0.24296722846942656,51,0.24605065344304317,35,0.24626428903148795,13,0.2505996089430398,16,0.2563368675464841,34,0.260957701371363,40,0.26137502812324404,4,0.266227638266151,38,0.2729704105007312,10,0.2739174078809817,27,0.276959918212472,9,0.28385778420325636,58,0.29265474269548375,7,0.2974024517157973,56,0.30166293035384945,24,0.3159610147054652,18,0.3344163584070142,57,0.33541929898942047,30,0.3377879442236294,14,0.3426772403012118,25,0.36785325939600566,19,0.387154489355999,28,0.3888417835941333,20,0.40254395785324393,17,0.42952130318823317,54,0.43636807021754515,66,0.4380005262195784,65,0.4385709617189534,3,0.44037700934433255,63,0.4670386781529346,59,0.5154717010222335,64,0.5249633547303865,61,0.5412553997684107,62,0.5508510671126821,1,,15,,39,
53,43,0.16233605239769733,45,0.1644451674695454,46,0.16691569685031363,6,0.16805101444040815,8,0.18327631317452303,33,0.18360523241191865,35,0.1883832169252445,48,0.19303745979601,9,0.19439571488565982,55,0.19446019236434525,47,0.1961839059207132,39,0.1977720252410699,31,0.19925537453388772,23,0.20163456546035619,4,0.20524110892533792,52,0.20589064778893235,37,0.2060803380227414,41,0.20665416484216395,51,0.21374486994389635,54,0.2146006982711704,22,0.21692425829347578,26,0.21704469343406516,29,0.21806607880704232,34,0.22088137811362638,42,0.22343143900597492,60,0.22395845604977804,50,0.2242631760151233,13,0.22749289067409242,16,0.22870716437214575,24,0.25410334425188436,40,0.2543225272414351,27,0.2565197855172958,2,0.2577065473919158,11,0.2615464160010548,7,0.2633826970924803,36,0.2654664113589455,44,0.26568626333495743,32,0.27223530798881024,21,0.27235271460837795,10,0.28083713156645457,18,0.28321645863668454,38,0.28855778189205794,30,0.2891048958281409,57,0.2913963659037915,5,0.3076508377723506,14,0.3083713479759484,12,0.31881902462320966,25,0.3293073558851476,58,0.34488877740884827,20,0.36030380171546045,49,0.36782349894995203,17,0.3783642574676554,56,0.38651914853336694,3,0.40405852412306675,19,0.40798631889728665,1,0.42131615373131603,66,0.42620809958611305,28,0.4327336859948467,65,0.44410591849892744,63,0.4451499238069383,59,0.4769915068584535,61,0.5165304840760735,62,0.5292396434683198,64,0.5650726933566871,15,
54,58,0.15929847527438787,56,0.1736135729371666,60,0.17776532780879498,57,0.18419991664333069,5,0.19231015569960713,55,0.19479511266317706,2,0.2033789775755666,53,0.20826537754429628,35,0.22471704050329994,31,0.22515391654829706,36,0.23046014107629675,65,0.2328808650127276,44,0.23297438412988636,37,0.23569314154392265,42,0.24061750292353098,34,0.24145002215793268,8,0.24289217676356012,66,0.24403413707173388,41,0.24407889769746394,46,0.2520790393065372,33,0.2593760189375726,6,0.26780575905258946,9,0.27127059629250855,48,0.28468483120017035,22,0.2876879789623711,12,0.28861107069606934,51,0.29086311894001865,13,0.2962026913093572,45,0.30276843859278746,43,0.3028374102981076,63,0.31419981426791854,32,0.3222605695624111,10,0.32415518526763093,49,0.32532010005211953,16,0.3417634675221401,61,0.34526957385593715,59,0.34992772334546973,11,0.35157047655251833,47,0.3536206621428438,30,0.36136865661070355,26,0.3639245486860748,7,0.3716878574149367,14,0.3765496477878578,29,0.38260524317609784,40,0.3960980188772316,62,0.40046029213041495,27,0.4104749612472579,25,0.4181599993989133,4,0.4208506034687307,50,0.4240447905717569,24,0.4293222590842089,21,0.447340724307894,39,0.4570071744643814,64,0.47397738364899367,28,0.4753305453702789,52,0.4885534584209045,18,0.501102508534611,38,0.5077276384162448,1,0.5123229820523404,20,0.5627569971204602,17,0.5631983875071143,19,0.5662896960169489,3,0.6061714366160686,15,,23,
55,54,0.15526035200800054,57,0.18019762480029228,5,0.19490485123207005,37,0.19506157822114717,35,0.2018282534745622,52,0.20591117772928608,44,0.20681360514514152,60,0.2109726862812721,34,0.21433505092066474,36,0.21678067882450044,56,0.21865452122580625,58,0.21874577524609146,8,0.22291640334723933,33,0.224198854156383,10,0.22648312800008674,42,0.22831971962485018,2,0.23054404217005606,46,0.2413825468280221,51,0.241581686225192,41,0.24628783407824378,31,0.2479673905427739,25,0.25187294253312087,45,0.25515885255895127,32,0.2596036242782697,53,0.2615829019307133,49,0.2698794266215068,26,0.270525208953576,43,0.2712088677393025,48,0.27274777891342694,11,0.27275809913608945,12,0.2748619500553947,65,0.27828142153674185,22,0.2820410376190075,1,0.28236653690931907,47,0.28301105052969555,6,0.2850341994273495,23,0.28787125105619427,16,0.2899281390611081,13,0.29233905542438726,30,0.2948722759608776,9,0.29847279447946634,28,0.303896442424748,4,0.30694943095676425,24,0.31289354954239357,66,0.31409721628828835,14,0.3188051660084849,40,0.33023342455131355,27,0.33422105920576795,7,0.33716150875216405,50,0.3458983069937804,3,0.35195285844486834,29,0.36713571544108614,39,0.3779053833277607,63,0.39603436633763967,21,0.4128461619734325,38,0.4165162656734821,59,0.42459121908487846,61,0.4287865150869868,18,0.4396279821449512,62,0.4726373445205315,64,0.47570753771815555,19,0.4840118922699864,20,0.5098497125461064,17,0.5114988662521766,15,
56,31,0.19353937250885683,54,0.19480201352275534,57,0.21186618951309527,60,0.21677473122470628,55,0.2171376938561964,58,0.22992834740685217,5,0.23039809076299572,37,0.24142004485152208,2,0.24493675477033863,35,0.25056346108604166,34,0.2558833198236622,9,0.2608111576605108,8,0.2609588960171205,33,0.2633623453351489,10,0.27065616907625467,42,0.2745027455581814,41,0.2750152293339601,44,0.2752071023924997,52,0.2769026039837089,36,0.2776728535089431,23,0.2840904900422267,25,0.2843096285154417,16,0.294543678999054,32,0.2974937749696157,51,0.2982102119439739,13,0.30203688268315554,12,0.3029943051101647,48,0.3040607634816692,47,0.30460118958543647,30,0.31340567000051134,6,0.3143057150705485,27,0.32416339933401495,22,0.32434479024628304,40,0.3278218624868078,26,0.3298537617926049,14,0.3309356470259576,49,0.3321861291585702,24,0.3383349406049474,11,0.3403183422165526,65,0.34942266225325386,4,0.3508077763113634,45,0.3523995859912057,1,0.35300242438851176,3,0.3636170155636358,53,0.37038394517994966,29,0.37230747352167803,66,0.39686977918824334,7,0.4028159146453806,46,0.4070451996575691,50,0.40987033856160177,28,0.4102228878568434,61,0.4152752039065242,39,0.4163133457046707,38,0.44916244198204563,63,0.45906460287500755,59,0.47160207625930106,21,0.4726251063039647,20,0.5039497165050041,18,0.5041239447564454,64,0.505989624954035,17,0.5184351433832209,62,0.5247214013963316,19,0.5337300920178927,43,0.5983622099460906,15,
57,55,0.17901468186859457,58,0.1883847540294751,54,0.2288563015018222,5,0.23122924350255056,56,0.26017757499766125,10,0.26193970315997106,52,0.2687689451270211,41,0.26892109502659317,8,0.26923106719930007,60,0.27095855901771015,33,0.27658579959997814,59,0.2780148960853288,35,0.27876903837292316,65,0.28818681535967644,63,0.28858863292900544,12,0.2956738294552741,66,0.3006529125718475,1,0.30156538339665423,31,0.30391835033977166,37,0.3141760172336692,53,0.31492022629347494,6,0.3177103639554786,25,0.32132887746016897,51,0.32290737054737495,43,0.3237245315758178,2,0.324063785776003,9,0.32686737248287256,26,0.3281922517248377,46,0.3353464424933016,61,0.3358334262859035,34,0.34069946032936066,13,0.34240719849463613,44,0.3449607106992412,22,0.35076498944231177,45,0.35745148266693005,32,0.3592411487222432,48,0.3612173820791117,14,0.3722540553390943,49,0.37589615104338514,16,0.3767453333627418,23,0.37930436706787507,30,0.3819283157524196,36,0.3857455862538754,47,0.38956082639416273,11,0.390257840447244,28,0.3910628832781112,62,0.3934614037412968,42,0.39772547717648676,4,0.3996562619692759,64,0.4002029392979821,29,0.40772226131972633,7,0.4221172030611167,27,0.42774057048869707,40,0.431512107353105,3,0.4332656261529846,24,0.4395371714602783,39,0.45655510272431565,21,0.481710207419278,50,0.4869747778452426,38,0.5020985413015013,18,0.512942841032815,19,0.5430122270244647,20,0.5679506817042522,17,0.5938033389382074,15,
58,57,0.1670034358866026,55,0.19783470348941054,56,0.21292389175243387,54,0.21802511343898773,5,0.2537828311094989,37,0.254024484439778,65,0.25961972837018843,6,0.2706275951606596,60,0.2882470525107407,10,0.29226617677704214,8,0.30009294196750924,61,0.3075563619483688,12,0.3076536829989305,31,0.3089411253500842,44,0.3089613596689285,59,0.309723538047552,2,0.3106304932681201,66,0.3152759767593142,33,0.3167968322935351,41,0.3173700820801196,25,0.32702944908626874,35,0.33249439492946975,46,0.332921553216786,42,0.33636367416845614,9,0.33644814979835236,52,0.33927981516050304,1,0.33938628967593043,36,0.3455597537736993,13,0.3500274767006652,45,0.35816614915265615,11,0.36183661398670247,28,0.37937502080125796,43,0.38488855354955487,51,0.3862657798350611,14,0.38739270739076553,23,0.38815326847199766,34,0.3911767456346208,16,0.4014182614443563,26,0.407798664964233,4,0.40912791570669194,22,0.4150678850465873,32,0.4184458828670321,48,0.42061611591994924,29,0.4290149080976807,47,0.4305993454456349,53,0.4313215074141131,64,0.4322576488723337,30,0.43556292972966854,7,0.43867016194326114,27,0.4457278865046484,24,0.4461993156375749,62,0.4462463059469949,49,0.45145040221863547,63,0.4570099141271859,3,0.4621395030564447,40,0.4971389146348456,18,0.5040687151166027,39,0.52351875863906,50,0.5245076995474884,21,0.5361385180898445,19,0.5545420055657363,38,0.5591898347694807,20,0.5706979877934358,17,0.5948678548420517,15,0.7159246805356025
59,61,0.18656381745919984,64,0.2140738013895242,65,0.24555715892739424,63,0.2469486728266567,60,0.246965168709959,66,0.2726843062656485,57,0.2836601867307693,62,0.3134933364411062,58,0.3434768973637638,55,0.3798410859160042,54,0.3803626077517199,5,0.44621473199061523,8,0.44940845391651163,52,0.45165623988573006,56,0.4620881578263811,35,0.4639237944942085,10,0.4660278836373387,25,0.4666310028193578,44,0.47072927635172057,37,0.4717767082744457,33,0.4831020236935605,9,0.4860677199655042,2,0.4888205525827051,41,0.4942122122032349,13,0.4989688631842021,42,0.5052985055497646,46,0.5058792172661674,53,0.5124013506497355,31,0.5132186361231734,12,0.5150673285414366,1,0.5162151483414016,36,0.5278583458711775,27,0.5337428894633033,34,0.53448623840985,16,0.537254743386423,26,0.5433987363968016,47,0.5474039484317516,24,0.5502650961742022,14,0.5506984414040195,29,0.5539430041987304,22,0.557557046379127,32,0.5624643098123971,43,0.5667593418472184,48,0.5702574199672767,30,0.5717494149600064,6,0.5720283991706006,45,0.5728339715212457,40,0.5768175935183196,51,0.5899408956157808,28,0.5922362559356495,23,0.5953873400738259,4,0.6025099989572252,49,0.6109556450746711,7,0.6185101659012341,39,0.6532806830315534,3,0.6631037021813212,50,0.6694442043743127,21,0.6834024294763769,20,0.7286899021380124,18,0.7347478279652141,17,0.7409423085767171,19,0.7461368785807941,11,,15,,38,
60,8,0.19628467639597882,54,0.19861603283355106,55,0.20517049748516586,56,0.20813380767026496,10,0.20970762232291956,37,0.214450176584403,66,0.21748020373967805,53,0.22055320055628544,5,0.2213646862171664,35,0.22782219593380276,2,0.2308695030158021,59,0.23191016579509155,63,0.2326733311342855,33,0.2341590380641553,52,0.23482738903676292,46,0.2375481199322511,58,0.24511265663971504,25,0.2481100256585978,11,0.25150701024673944,44,0.25151643316838507,42,0.25305582962894146,41,0.2560323306717654,65,0.26752194535642,9,0.2814971229762426,31,0.2897844925844769,6,0.2914412405710186,1,0.2971875224936832,36,0.2978200137206247,34,0.30178574414432735,62,0.3147514505843384,12,0.3218726000582099,32,0.32719399669044935,28,0.3283138178879358,13,0.33239704250990754,51,0.335021047764591,43,0.3363719208090833,48,0.34066448697528934,45,0.34103352251057356,22,0.3426690998875423,14,0.345630537190165,30,0.35190836201378917,16,0.35886841742402675,47,0.362682035736466,23,0.36921979421688894,26,0.3741718129715019,64,0.374775667198091,7,0.3783832119365035,4,0.38057054571158677,61,0.38996448732278305,24,0.3968765305895551,29,0.3969225194769802,40,0.407598324164599,39,0.41949833551435267,27,0.4244424430972937,50,0.4491447753434786,21,0.46787639786257157,49,0.4745927240498776,18,0.4781385105291152,3,0.4874516327777725,57,0.4920505628064225,20,0.5340943309862829,17,0.5363385383208241,38,0.5392625113952428,19,0.541980123221312,15,
61,66,0.14195430140199156,64,0.16220538090978243,65,0.17052274915527618,59,0.19344778162208992,58,0.33316304244589223,57,0.3408298514260009,54,0.35126909793359934,63,0.3648019001800348,60,0.4170445338440511,56,0.4396017082761182,55,0.4432987440505455,37,0.46513953689305054,5,0.46645737665529274,44,0.49547060211862515,35,0.5034731297123758,52,0.5053817489733051,9,0.5103346492372294,31,0.5115853742040852,36,0.5129311119269027,2,0.5140376330242314,8,0.5205883914457963,42,0.5257218438173717,13,0.5398253226060667,41,0.5398548845202661,11,0.5420181702336307,33,0.5518411861727147,34,0.5523685446973288,12,0.5659786137977202,29,0.579240248501141,16,0.5931992119239321,27,0.593389705019906,32,0.5974119109279759,49,0.6001003471497908,51,0.6008326883535449,47,0.606270961159852,22,0.608971231571801,48,0.6130401994414724,30,0.6184986295491799,26,0.6186776028561196,14,0.6190036660154765,40,0.6204140938998323,24,0.6209875286742135,23,0.6304085968532421,46,0.6416413121376657,10,0.642681555665661,43,0.6465904882565731,25,0.6518922663303479,53,0.6614078180430488,1,0.6637703985766354,4,0.6829819254519433,50,0.7084141763391069,39,0.717791544068969,7,0.7184073276193654,21,0.7286491148817263,6,0.7327804612723241,28,0.7361294774208895,17,0.7755101851547017,18,0.7763111827965942,3,0.7865794554721164,20,0.7913832052815163,19,0.8084890357662848,45,0.8189272681362715,15,,38,,62,
62,63,0.2259030940722478,64,0.29881754315410375,59,0.30857442853229644,60,0.31939284418507147,65,0.32558234726458046,58,0.36545053273212336,57,0.38188232209716916,55,0.43374514504522227,8,0.44516116447843207,54,0.4487564927787718,66,0.48986195137939265,5,0.49206307526162785,37,0.4955178963440707,7,0.49690431861510004,6,0.4977924465739155,33,0.4978956506716969,10,0.5192254192917651,1,0.5225664265041884,53,0.5245396538631983,35,0.5322962604861639,31,0.5389774292428299,2,0.5410567598749336,12,0.5416074497622575,25,0.5478302903843659,9,0.5543121641880975,44,0.5550847960137317,22,0.5612817554854943,4,0.5636567089583313,11,0.5637011467006049,28,0.5643802586465679,32,0.5708200030564208,41,0.5787699897969648,56,0.5888024757850446,26,0.592776595350966,46,0.5937837271061153,23,0.5981539915161977,42,0.5990667571458407,13,0.60041771541166,43,0.6061643134266165,30,0.6063567155692308,45,0.6115299098610573,16,0.6117052122274093,52,0.6193766290553542,51,0.6250376438512164,48,0.6256449946990343,3,0.6261389363305876,34,0.6303753677952966,24,0.6365512465991484,36,0.639165604630149,29,0.6406413625369869,14,0.6466953951383398,49,0.6695237818929798,47,0.6767666432310782,39,0.6803419881550342,18,0.6830216297175348,27,0.6980612493004218,21,0.7041477348030815,38,0.7334905852179625,20,0.7561458148146989,19,0.7614767775165596,50,0.7646457658162829,17,0.7784660757430399,15,,40,,61,
63,64,0.1727422343351668,62,0.22510234751522198,59,0.2333262816652649,65,0.23852851506396222,60,0.23917818713736624,57,0.27955646973990844,66,0.28414729318439386,61,0.2928013583710227,58,0.33021538891423824,55,0.36763212665040046,54,0.3898179563248779,8,0.4019371625957843,56,0.447727600296046,53,0.44858263255787223,33,0.45123336735625674,37,0.45179967752907046,6,0.4683495536798752,5,0.47171472320397195,35,0.47978067975491256,2,0.4857152851342974,11,0.4912484837502899,52,0.4935558591430878,12,0.4941885886975446,44,0.5062420655550264,9,0.507592930733969,31,0.51399229110901,42,0.5247207869496945,13,0.5405021430733981,10,0.5406814925316689,4,0.5417476914257635,41,0.5447236185440747,26,0.5487149878376087,43,0.5546483306460143,46,0.5630823834701533,45,0.5676097601988704,36,0.5686660302434843,16,0.5751974437373631,23,0.5790466275634418,29,0.5797680695126768,1,0.581476378017771,30,0.5892007963209358,24,0.5937123033254154,22,0.5973096480574519,32,0.5998020871464715,48,0.6011088441972054,34,0.6014283973402672,51,0.6022899682195313,7,0.6099919326140771,25,0.6202747733954128,14,0.6211988365421428,47,0.6256330012431663,28,0.6418713130457467,27,0.6452997351596508,18,0.6634918218971951,39,0.6705177064377505,40,0.6805463483571387,21,0.6820944320937617,3,0.6978360042712664,19,0.7202590101600158,50,0.7409401449218926,38,0.7512626724383324,49,0.7737929997501295,20,0.7872165608894037,17,0.7995320420664265,15,
64,63,0.17120542217277004,61,0.1808104962049141,66,0.2351472570962502,65,0.2771024834755119,62,0.2996984919828141,59,0.30082729866530367,58,0.3518256218674957,60,0.3720139219827894,57,0.3962537755626412,54,0.41781857942661693,56,0.4677000890199164,55,0.47473173402673474,8,0.49665619260401633,5,0.49924728171764626,52,0.508044898448207,53,0.5283975463130592,11,0.5286996855500815,2,0.5425841650687884,44,0.54754383755914,31,0.5533199504191344,41,0.5542916069477892,37,0.5579045656125883,33,0.560246585458286,35,0.562134986717714,46,0.5807686123784996,6,0.5808459578812973,13,0.5819878954477107,12,0.5822245489635927,26,0.5858368051630658,34,0.5868863981153285,42,0.5886063077224158,36,0.5978594660453431,16,0.599296398344864,10,0.6091877364495424,23,0.6138623979602948,47,0.6142225446592835,43,0.6168131849257683,48,0.6250503150208121,22,0.6269159604888905,27,0.6274918294219554,29,0.6320989979335937,45,0.6377329052273188,9,0.6400955386015694,14,0.6532257748901665,49,0.6535882492238392,30,0.6552711901290353,32,0.6622960193258824,4,0.6711376035485499,24,0.674627874656063,51,0.6763583641511791,38,0.6954715404531461,39,0.6982036454367594,25,0.7008870713324576,7,0.7021806591313177,21,0.7066329532105383,40,0.7190568203258744,28,0.7411973130406161,50,0.7547264409482798,18,0.7683278330576573,19,0.8159163346887146,20,0.8246113047698834,17,0.8534444456097561,1,,3,,15,
65,61,0.17689459353855694,59,0.20609217920932008,54,0.2361203089405401,58,0.23713068572555981,66,0.2501004132054119,63,0.2572563941606675,60,0.25791094753622795,62,0.27499036968601853,55,0.29058055937239063,56,0.3218661097721353,5,0.3287180912878012,64,0.33214332985188977,37,0.3520059023210703,8,0.3613854789458796,36,0.3836348537088252,44,0.387539559524815,35,0.3881837957890471,2,0.4012180968621835,57,0.40684693278187306,42,0.40912830019040636,33,0.41832990268001974,34,0.42280994803161126,6,0.4338151722654131,12,0.43854243459762354,31,0.4444280233080753,52,0.46388302660008796,9,0.46490957892152923,41,0.4726810076203841,51,0.4787822593994188,45,0.47911091009072065,22,0.4839712457964615,53,0.48623305526492616,49,0.48779906722840527,48,0.491717107997191,46,0.4932757719570195,32,0.4950859808806518,43,0.502233773024739,40,0.5203527184759436,10,0.5243928717439859,29,0.5288498757148019,16,0.5309935864500952,13,0.5509580796332624,24,0.5575484800687911,7,0.564913728107736,4,0.5650224896087389,14,0.5667404843772413,25,0.5743782605819622,23,0.5881291807735414,39,0.6029489444866296,28,0.6186758154478267,50,0.6263539460549558,47,0.6265429132158672,21,0.6299451596605135,26,0.6318512067069323,11,0.6545928462441577,18,0.6567302335082041,19,0.6863560418662658,20,0.7185794356493818,3,0.7219147079399846,17,0.7340438936909328,1,0.7418628091690271,38,0.813526031242677,15,,27,,30,
66,61,0.1450306494905165,60,0.18994601035517614,65,0.2011879423145372,63,0.2078466914696731,59,0.23448057912187353,54,0.24131918376784012,58,0.27111232951713904,62,0.3111049316040738,64,0.31757608723670483,55,0.37121373025900783,37,0.3867306689854849,57,0.38975459473652063,56,0.39326889039177854,5,0.39378964086446067,53,0.4102833717709977,2,0.4136638697310479,8,0.4176649189119056,44,0.41945514966754693,36,0.4348625115721033,42,0.43680255123492095,52,0.44652715852935626,9,0.44998660745281444,11,0.45186779852613723,31,0.4559793821686523,33,0.45645729254920153,34,0.4679986457083024,35,0.46980973974684054,10,0.47025448547726595,6,0.47605448064349964,46,0.4842568368245326,41,0.48705375748884067,45,0.48963979916870387,13,0.49293687349422566,32,0.4956364429256047,25,0.5047837400881449,22,0.5104128519761698,47,0.5115211766457824,12,0.5117287888016905,49,0.5297679742339839,48,0.5321712636807819,16,0.5337814596162802,24,0.5401225052360971,4,0.5448721044563849,30,0.5507252315018347,51,0.5546278484659426,14,0.5579682125218989,40,0.5589719161292938,27,0.574637335578464,1,0.5913413462492202,7,0.591837128596618,39,0.6047859761318308,50,0.6071668451255405,28,0.6123990772700625,21,0.613826938476225,26,0.6518567022366237,3,0.6695266326545806,18,0.6721381416040787,17,0.701172737474554,20,0.710206588605193,19,0.7200717642856704,38,0.8656806812633036,15,,23,,29,,43,
